"species";"obs_id";"quadrat";"TTD";"cover";"counting_time_cells"
"PLALAN";"obs_xdtr";1;"0";"7";"175"
"PLALAN";"obs_xdtr";2;"0";"5";"620"
"PLALAN";"obs_xdtr";3;"6";"0.01";"45"
"PLALAN";"obs_xdtr";4;"0";"10";"342"
"PLALAN";"obs_xdtr";5;"0";"15";"372"
"PLALAN";"obs_xdtr";6;"0";"10";"350"
"PLALAN";"obs_xdtr";7;"0";"22";"410"
"PLALAN";"obs_xdtr";8;"120";"0";"190"
"PLALAN";"obs_xdtr";9;"0";"30";"550"
"PLALAN";"obs_xdtr";10;"1";"10";"255"
"PLALAN";"obs_sjfy";1;"0";"12";"241"
"PLALAN";"obs_sjfy";2;"0";"15";"384"
"PLALAN";"obs_sjfy";3;"54";"0.5";"187"
"PLALAN";"obs_sjfy";4;"0";"20";"556"
"PLALAN";"obs_sjfy";5;"0";"17";"390"
"PLALAN";"obs_sjfy";6;"0";"20";"409"
"PLALAN";"obs_sjfy";7;"0";"25";"433"
"PLALAN";"obs_sjfy";8;"52";"0.5";"135"
"PLALAN";"obs_sjfy";9;"0";"30";"690"
"PLALAN";"obs_sjfy";10;"0";"15";"300"
"PLALAN";"obs_jdpu";1;"0";"10";"285"
"PLALAN";"obs_jdpu";2;"0";"10";"495"
"PLALAN";"obs_jdpu";3;"60";"0";"150"
"PLALAN";"obs_jdpu";4;"0";"25";"390"
"PLALAN";"obs_jdpu";5;"0";"25";"525"
"PLALAN";"obs_jdpu";6;"0";"25";"390"
"PLALAN";"obs_jdpu";7;"0";"33";"610"
"PLALAN";"obs_jdpu";8;"60";"0";"150"
"PLALAN";"obs_jdpu";9;"0";"40";"540"
"PLALAN";"obs_jdpu";10;"0";"20";"430"
"PLALAN";"obs_xbmp";1;"1";"6";"285"
"PLALAN";"obs_xbmp";2;"0";"5";"546"
"PLALAN";"obs_xbmp";3;"33";"0.1";"420"
"PLALAN";"obs_xbmp";4;"0";"5";"269"
"PLALAN";"obs_xbmp";5;"0";"10";"685"
"PLALAN";"obs_xbmp";6;"0";"12";"282"
"PLALAN";"obs_xbmp";7;"0";"20";"634"
"PLALAN";"obs_xbmp";8;"120";"0";"255"
"PLALAN";"obs_xbmp";9;"0";"16";"470"
"PLALAN";"obs_xbmp";10;"0";"10";"482"
"PLALAN";"obs_ikoz";1;"0";"10";"160"
"PLALAN";"obs_ikoz";2;"0";"10";"340"
"PLALAN";"obs_ikoz";3;"120";"0";"40"
"PLALAN";"obs_ikoz";4;"0";"25";"219"
"PLALAN";"obs_ikoz";5;"0";"15";"213"
"PLALAN";"obs_ikoz";6;"0";"20";"360"
"PLALAN";"obs_ikoz";7;"0";"45";"200"
"PLALAN";"obs_ikoz";8;"30";"<1";"108"
"PLALAN";"obs_ikoz";9;"0";"65";"288"
"PLALAN";"obs_ikoz";10;"0";"15";"230"
"PLALAN";"obs_ntdg";1;"1";"7";"497"
"PLALAN";"obs_ntdg";2;"1";"15";"1101"
"PLALAN";"obs_ntdg";3;"0";"0";"133"
"PLALAN";"obs_ntdg";4;"1";"17";"690"
"PLALAN";"obs_ntdg";5;"2";"15";"340"
"PLALAN";"obs_ntdg";6;"1";"20";"710"
"PLALAN";"obs_ntdg";7;"1";"35";"480"
"PLALAN";"obs_ntdg";8;"0";"0";"364"
"PLALAN";"obs_ntdg";9;"4";"35";"882"
"PLALAN";"obs_ntdg";10;"1";"20";"349"
"ALLsp";"obs_bqiy";1;"0";"3";"401"
"ALLsp";"obs_bqiy";2;"0";"6";"627"
"ALLsp";"obs_bqiy";3;"105";"<1";"214"
"ALLsp";"obs_bqiy";4;"0";"5";"714"
"ALLsp";"obs_bqiy";5;"0";"13";"1020"
"ALLsp";"obs_bqiy";6;"0";"35";"492"
"ALLsp";"obs_bqiy";7;"0";"12";"1308"
"ALLsp";"obs_bqiy";8;"38";"<1";"456"
"ALLsp";"obs_bqiy";9;"0";"8";"620"
"ALLsp";"obs_bqiy";10;"0";"3";"757"
"ALLsp";"obs_pimm";1;"2";"2";"190"
"ALLsp";"obs_pimm";2;"2";"5";"620"
"ALLsp";"obs_pimm";3;NA;NA;"45"
"ALLsp";"obs_pimm";4;"0";"3";"900"
"ALLsp";"obs_pimm";5;"3";"10";"870"
"ALLsp";"obs_pimm";6;"0";"45";"300"
"ALLsp";"obs_pimm";7;"3";"20";"1282"
"ALLsp";"obs_pimm";8;"2";"0";"51"
"ALLsp";"obs_pimm";9;"2";"10";"679"
"ALLsp";"obs_pimm";10;"10";"5";"560"
"ALLsp";"obs_jaho";1;"0";"3";"340"
"ALLsp";"obs_jaho";2;"0";"8";"540"
"ALLsp";"obs_jaho";3;"120";"0";"224"
"ALLsp";"obs_jaho";4;"0";"5";"652"
"ALLsp";"obs_jaho";5;"0";"7";"868"
"ALLsp";"obs_jaho";6;"0";"20";"1044"
"ALLsp";"obs_jaho";7;"0";"10";"1252"
"ALLsp";"obs_jaho";8;"120";"0";"151"
"ALLsp";"obs_jaho";9;"3";"5";"516"
"ALLsp";"obs_jaho";10;"3";"5";"693"
"ALLsp";"obs_oxup";1;"0";"10";"286"
"ALLsp";"obs_oxup";2;"1";"6";"731"
"ALLsp";"obs_oxup";3;"113";"1";"421"
"ALLsp";"obs_oxup";4;"0";"5";"489"
"ALLsp";"obs_oxup";5;"1";"20";"860"
"ALLsp";"obs_oxup";6;"0";"50";"665"
"ALLsp";"obs_oxup";7;"1";"30";"1210"
"ALLsp";"obs_oxup";8;"8";"<1";"203"
"ALLsp";"obs_oxup";9;"1";"10";"825"
"ALLsp";"obs_oxup";10;"1";"15";"1025"
"ALLsp";"obs_hnes";1;"0";"2";"315"
"ALLsp";"obs_hnes";2;"0";"5";"575"
"ALLsp";"obs_hnes";3;"15";"<1";"226"
"ALLsp";"obs_hnes";4;"0";"1";"600"
"ALLsp";"obs_hnes";5;"0";"5";"606"
"ALLsp";"obs_hnes";6;"0";"26";"504"
"ALLsp";"obs_hnes";7;"0";"5";"964"
"ALLsp";"obs_hnes";8;"120";"0";"190"
"ALLsp";"obs_hnes";9;"0";"10";"560"
"ALLsp";"obs_hnes";10;"0";"2";"560"
"CALARV2";"obs_pizh";1;"0";"5";"142"
"CALARV2";"obs_pizh";2;"0";"7";"178"
"CALARV2";"obs_pizh";3;"11";"<1";"95"
"CALARV2";"obs_pizh";4;"0";"24";"432"
"CALARV2";"obs_pizh";5;"0";"10";"263"
"CALARV2";"obs_pizh";6;"0";"5";"212"
"CALARV2";"obs_pizh";7;"0";"27";"623"
"CALARV2";"obs_pizh";8;"26";"0";"58"
"CALARV2";"obs_pizh";9;"0";"5";"322"
"CALARV2";"obs_pizh";10;"0";"12";"289"
"CALARV2";"obs_cdgr";1;"0";"3";"170"
"CALARV2";"obs_cdgr";2;"0";"5";"173"
"CALARV2";"obs_cdgr";3;"4";"0";"55"
"CALARV2";"obs_cdgr";4;"0";"19";"550"
"CALARV2";"obs_cdgr";5;"23";"5";"260"
"CALARV2";"obs_cdgr";6;"0";"4";"206"
"CALARV2";"obs_cdgr";7;"0";"26";"831"
"CALARV2";"obs_cdgr";8;"6";"0";"53"
"CALARV2";"obs_cdgr";9;"0";"4";"533"
"CALARV2";"obs_cdgr";10;"0";"15";"381"
"CALARV2";"obs_ohjn";1;"2";"6";"175"
"CALARV2";"obs_ohjn";2;"1";"6";"453"
"CALARV2";"obs_ohjn";3;"7";"2";"260"
"CALARV2";"obs_ohjn";4;"2";"33";"373"
"CALARV2";"obs_ohjn";5;"3";"9";"841"
"CALARV2";"obs_ohjn";6;"1";"5";"252"
"CALARV2";"obs_ohjn";7;"1";"27";"1329"
"CALARV2";"obs_ohjn";8;"24";"0";"60"
"CALARV2";"obs_ohjn";9;"0";"10";"370"
"CALARV2";"obs_ohjn";10;"1";"18";"363"
"CALARV2";"obs_vduy";1;"0";"1";"235"
"CALARV2";"obs_vduy";2;"0";"2";"357"
"CALARV2";"obs_vduy";3;"13";"0.2";"123"
"CALARV2";"obs_vduy";4;"0";"6";"625"
"CALARV2";"obs_vduy";5;"0";"5";"366"
"CALARV2";"obs_vduy";6;"0";"4";"363"
"CALARV2";"obs_vduy";7;"0";"17";"824"
"CALARV2";"obs_vduy";8;"29";"0";"140"
"CALARV2";"obs_vduy";9;"0";"3";"445"
"CALARV2";"obs_vduy";10;"0";"11";"292"
"CALARV2";"obs_ilkl";1;"0";"1";"105"
"CALARV2";"obs_ilkl";2;"0";"<1";"194"
"CALARV2";"obs_ilkl";3;"12";"<1";"92"
"CALARV2";"obs_ilkl";4;"0";"10";"424"
"CALARV2";"obs_ilkl";5;"0";"<1";"331"
"CALARV2";"obs_ilkl";6;"0";"<1";"270"
"CALARV2";"obs_ilkl";7;"0";"12";"636"
"CALARV2";"obs_ilkl";8;"45";"0";"70"
"CALARV2";"obs_ilkl";9;"0";"4";"352"
"CALARV2";"obs_ilkl";10;"0";"10";"330"
"SANMIN";"obs_ocov";1;"0";"22";"640"
"SANMIN";"obs_ocov";2;"2";"5";"1002"
"SANMIN";"obs_ocov";3;"60";"0.5";"272"
"SANMIN";"obs_ocov";4;"0";"13";"762"
"SANMIN";"obs_ocov";5;"0";"3";"342"
"SANMIN";"obs_ocov";6;"6";"2";"504"
"SANMIN";"obs_ocov";7;"0";"27";"1045"
"SANMIN";"obs_ocov";8;"3";"0.5";"292"
"SANMIN";"obs_ocov";9;"0";"8";"760"
"SANMIN";"obs_ocov";10;"1";"3";"348"
"SANMIN";"obs_ycff";1;"0";"24";"666"
"SANMIN";"obs_ycff";2;"0";"6";"520"
"SANMIN";"obs_ycff";3;"13";"0.5";"100"
"SANMIN";"obs_ycff";4;"0";"24";"560"
"SANMIN";"obs_ycff";5;"0";"2";"105"
"SANMIN";"obs_ycff";6;"1";"1";"220"
"SANMIN";"obs_ycff";7;"0";"27";"600"
"SANMIN";"obs_ycff";8;"2";"0.5";"160"
"SANMIN";"obs_ycff";9;"0";"4";"490"
"SANMIN";"obs_ycff";10;"0";"1";"155"
"SANMIN";"obs_lcob";1;"1";"9";"940"
"SANMIN";"obs_lcob";2;"1";"7";"850"
"SANMIN";"obs_lcob";3;"7";"<1";"188"
"SANMIN";"obs_lcob";4;"1";"13";"730"
"SANMIN";"obs_lcob";5;"0";"3";"210"
"SANMIN";"obs_lcob";6;"3";"2";"340"
"SANMIN";"obs_lcob";7;"1";"20";"1110"
"SANMIN";"obs_lcob";8;"4";"1";"105"
"SANMIN";"obs_lcob";9;"1";"11";"592"
"SANMIN";"obs_lcob";10;"1";"4";"380"
"SANMIN";"obs_ywgi";1;"0";"24";"741"
"SANMIN";"obs_ywgi";2;"0";"8";"660"
"SANMIN";"obs_ywgi";3;"65";"0";"206"
"SANMIN";"obs_ywgi";4;"0";"14";"739"
"SANMIN";"obs_ywgi";5;"1";"2";"278"
"SANMIN";"obs_ywgi";6;"1";"1";"500"
"SANMIN";"obs_ywgi";7;"0";"40";"635"
"SANMIN";"obs_ywgi";8;"8";"<1";"384"
"SANMIN";"obs_ywgi";9;"0";"4";"592"
"SANMIN";"obs_ywgi";10;"1";"3";"404"
"SANMIN";"obs_zvhn";1;"1";"15";"812"
"SANMIN";"obs_zvhn";2;"2";"6";"866"
"SANMIN";"obs_zvhn";3;"10";"1";"180"
"SANMIN";"obs_zvhn";4;"1";"8";"762"
"SANMIN";"obs_zvhn";5;"2";"3";"197"
"SANMIN";"obs_zvhn";6;"3";"2";"515"
"SANMIN";"obs_zvhn";7;"1";"22";"572"
"SANMIN";"obs_zvhn";8;"5";"2";"290"
"SANMIN";"obs_zvhn";9;"1";"12";"718"
"SANMIN";"obs_zvhn";10;"1";"3";"187"
"ALLCHA";"obs_autm";1;"13";"0.5";"283"
"ALLCHA";"obs_autm";2;"4";"0.1";"210"
"ALLCHA";"obs_autm";3;"120";"0";"102"
"ALLCHA";"obs_autm";4;"0";"0.5";"305"
"ALLCHA";"obs_autm";5;"1";"0.5";"586"
"ALLCHA";"obs_autm";6;"5";"0.1";"150"
"ALLCHA";"obs_autm";7;"1";"0.4";"327"
"ALLCHA";"obs_autm";8;"120";"0";"126"
"ALLCHA";"obs_autm";9;"3";"0.3";"235"
"ALLCHA";"obs_autm";10;"5";"0.3";"293"
"ALLCHA";"obs_fxsg";1;"46";"1";"282"
"ALLCHA";"obs_fxsg";2;"0";"0.2";"180"
"ALLCHA";"obs_fxsg";3;"120";"0";"220"
"ALLCHA";"obs_fxsg";4;"5";"2";"317"
"ALLCHA";"obs_fxsg";5;"37";"0.1";"296"
"ALLCHA";"obs_fxsg";6;"20";"2";"301"
"ALLCHA";"obs_fxsg";7;"22";"1";"405"
"ALLCHA";"obs_fxsg";8;"39";"0.3";"225"
"ALLCHA";"obs_fxsg";9;"8";"1";"213"
"ALLCHA";"obs_fxsg";10;"92";"0.1";"216"
"ALLCHA";"obs_dtwj";1;"4";"0.001";"502"
"ALLCHA";"obs_dtwj";2;"25";"2e-04";"300"
"ALLCHA";"obs_dtwj";3;NA;"0";"275"
"ALLCHA";"obs_dtwj";4;"0";"0.01";"286"
"ALLCHA";"obs_dtwj";5;"1";"4e-04";"484"
"ALLCHA";"obs_dtwj";6;"0";"1e-04";"242"
"ALLCHA";"obs_dtwj";7;"1";"5e-04";"628"
"ALLCHA";"obs_dtwj";8;NA;"0";"220"
"ALLCHA";"obs_dtwj";9;"2";"3e-04";"300"
"ALLCHA";"obs_dtwj";10;"1";"5e-04";"381"
"ALLCHA";"obs_bbyx";1;"36";"1";"382"
"ALLCHA";"obs_bbyx";2;"62";"0.2";"434"
"ALLCHA";"obs_bbyx";3;"50";"0";"565"
"ALLCHA";"obs_bbyx";4;"9";"6";"434"
"ALLCHA";"obs_bbyx";5;"6";"2";"895"
"ALLCHA";"obs_bbyx";6;"5";"1";"342"
"ALLCHA";"obs_bbyx";7;"3";"0.2";"417"
"ALLCHA";"obs_bbyx";8;"60";"0";"482"
"ALLCHA";"obs_bbyx";9;"30";"0.2";"412"
"ALLCHA";"obs_bbyx";10;"20";"1.5";"550"
"ALLCHA";"obs_hdbg";1;"15";"0.07";"456"
"ALLCHA";"obs_hdbg";2;"12";"0.05";"219"
"ALLCHA";"obs_hdbg";3;NA;"0";"303"
"ALLCHA";"obs_hdbg";4;"5";"1";"240"
"ALLCHA";"obs_hdbg";5;"4";"0.06";"275"
"ALLCHA";"obs_hdbg";6;"60";"0.05";"283"
"ALLCHA";"obs_hdbg";7;"18";"0.05";"379"
"ALLCHA";"obs_hdbg";8;NA;"0";"156"
"ALLCHA";"obs_hdbg";9;"7";"0.02";"163"
"ALLCHA";"obs_hdbg";10;"6";"0.05";"207"
"ALLCHA";"obs_peyb";1;"0";"0.5";"326"
"ALLCHA";"obs_peyb";2;"0";"0.1";"404"
"ALLCHA";"obs_peyb";3;"55";"0";"331"
"ALLCHA";"obs_peyb";4;"0";"1";"342"
"ALLCHA";"obs_peyb";5;"0";"0.7";"521"
"ALLCHA";"obs_peyb";6;"0";"0.1";"606"
"ALLCHA";"obs_peyb";7;"0";"0.4";"431"
"ALLCHA";"obs_peyb";8;"41";"0";"278"
"ALLCHA";"obs_peyb";9;"0";"0.2";"327"
"ALLCHA";"obs_peyb";10;"0";"0.2";"207"
"EUPHEL";"obs_ubmn";1;"0";"4";"382"
"EUPHEL";"obs_ubmn";2;"0";"14";"598"
"EUPHEL";"obs_ubmn";3;"120";"0";"210"
"EUPHEL";"obs_ubmn";4;"0";"5";"456"
"EUPHEL";"obs_ubmn";5;"0";"1";"350"
"EUPHEL";"obs_ubmn";6;"0";"7";"408"
"EUPHEL";"obs_ubmn";7;"0";"18";"629"
"EUPHEL";"obs_ubmn";8;"120";"0";"127"
"EUPHEL";"obs_ubmn";9;"0";"2";"593"
"EUPHEL";"obs_ubmn";10;"3";"1";"363"
"EUPHEL";"obs_adse";1;"1";"1";"405"
"EUPHEL";"obs_adse";2;"1";"3";"458"
"EUPHEL";"obs_adse";3;NA;"0";"60"
"EUPHEL";"obs_adse";4;"1";"2";"542"
"EUPHEL";"obs_adse";5;"1";"0.5";"215"
"EUPHEL";"obs_adse";6;"1";"2";"458"
"EUPHEL";"obs_adse";7;"1";"4";"630"
"EUPHEL";"obs_adse";8;NA;"0";"60"
"EUPHEL";"obs_adse";9;"1";"1.5";"306"
"EUPHEL";"obs_adse";10;"1";"1";"310"
"EUPHEL";"obs_navl";1;"1";"4";"338"
"EUPHEL";"obs_navl";2;"1";"24";"1072"
"EUPHEL";"obs_navl";3;"13";"0";"31"
"EUPHEL";"obs_navl";4;"1";"7";"635"
"EUPHEL";"obs_navl";5;"1";"2";"153"
"EUPHEL";"obs_navl";6;"1";"9";"256"
"EUPHEL";"obs_navl";7;"1";"23";"1505"
"EUPHEL";"obs_navl";8;"13";"0";"23"
"EUPHEL";"obs_navl";9;"1";"3";"420"
"EUPHEL";"obs_navl";10;"2";"2";"437"
"EUPHEL";"obs_jqda";1;"1";"1";"756"
"EUPHEL";"obs_jqda";2;"1";"4";"962"
"EUPHEL";"obs_jqda";3;NA;"0";"436"
"EUPHEL";"obs_jqda";4;"1";"3";"675"
"EUPHEL";"obs_jqda";5;"1";"1";"200"
"EUPHEL";"obs_jqda";6;"1";"3";"229"
"EUPHEL";"obs_jqda";7;"0";"7";"764"
"EUPHEL";"obs_jqda";8;"120";"0";"415"
"EUPHEL";"obs_jqda";9;"1";"1";"849"
"EUPHEL";"obs_jqda";10;"4";"1";"866"
"EUPHEL";"obs_lbev";1;"1";"3";"780"
"EUPHEL";"obs_lbev";2;"1";"7";"861"
"EUPHEL";"obs_lbev";3;"60";"0";"182"
"EUPHEL";"obs_lbev";4;"1";"2";"497"
"EUPHEL";"obs_lbev";5;"1";"1";"269"
"EUPHEL";"obs_lbev";6;"1";"3";"278"
"EUPHEL";"obs_lbev";7;"1";"8";"711"
"EUPHEL";"obs_lbev";8;"50";"0";"219"
"EUPHEL";"obs_lbev";9;"1";"3";"389"
"EUPHEL";"obs_lbev";10;"1";"1";"376"
"EROCIC";"obs_hdbg";1;"10";"0.8";"777"
"EROCIC";"obs_hdbg";2;"1";"1.2";"450"
"EROCIC";"obs_hdbg";3;"120";"0";"262"
"EROCIC";"obs_hdbg";4;"1";"0.6";"357"
"EROCIC";"obs_hdbg";5;"10";"0.4";"286"
"EROCIC";"obs_hdbg";6;"1";"0.8";"356"
"EROCIC";"obs_hdbg";7;"1";"1.2";"447"
"EROCIC";"obs_hdbg";8;"120";"0";"210"
"EROCIC";"obs_hdbg";9;"1";"1.5";"573"
"EROCIC";"obs_hdbg";10;"1";"0.5";"307"
"EROCIC";"obs_yllr";1;"0";"2";"323"
"EROCIC";"obs_yllr";2;"3";"4";"489"
"EROCIC";"obs_yllr";3;"120";"0";"266"
"EROCIC";"obs_yllr";4;"5";"5";"483"
"EROCIC";"obs_yllr";5;"14";"7";"391"
"EROCIC";"obs_yllr";6;"7";"4";"562"
"EROCIC";"obs_yllr";7;"1";"4";"720"
"EROCIC";"obs_yllr";8;"120";"0";"168"
"EROCIC";"obs_yllr";9;"0";"7";"783"
"EROCIC";"obs_yllr";10;"0";"2";"441"
"EROCIC";"obs_kyyn";1;"5";"5";"549"
"EROCIC";"obs_kyyn";2;"1";"12";"310"
"EROCIC";"obs_kyyn";3;"120";"0";"116"
"EROCIC";"obs_kyyn";4;"9";"2";"779"
"EROCIC";"obs_kyyn";5;"22";"1";"244"
"EROCIC";"obs_kyyn";6;"1";"5";"414"
"EROCIC";"obs_kyyn";7;"5";"10";"424"
"EROCIC";"obs_kyyn";8;"120";"0";"119"
"EROCIC";"obs_kyyn";9;"11";"8";"334"
"EROCIC";"obs_kyyn";10;"2";"4";"167"
"EROCIC";"obs_rbhv";1;"4";"0.4";"241"
"EROCIC";"obs_rbhv";2;"0";"0.8";"347"
"EROCIC";"obs_rbhv";3;"120";"0";"109"
"EROCIC";"obs_rbhv";4;"8";"0.3";"188"
"EROCIC";"obs_rbhv";5;"42";"0.3";"288"
"EROCIC";"obs_rbhv";6;"5";"0.2";"324"
"EROCIC";"obs_rbhv";7;"0";"0.5";"432"
"EROCIC";"obs_rbhv";8;"120";"0";"108"
"EROCIC";"obs_rbhv";9;"0";"0.5";"594"
"EROCIC";"obs_rbhv";10;"5";"0.2";"207"
"EROCIC";"obs_ohou";1;"3";"2";"680"
"EROCIC";"obs_ohou";2;"6";"2.5";"572"
"EROCIC";"obs_ohou";3;"120";"0";"152"
"EROCIC";"obs_ohou";4;"8";"0.5";"213"
"EROCIC";"obs_ohou";5;"33";"1";"390"
"EROCIC";"obs_ohou";6;"1";"0.4";"492"
"EROCIC";"obs_ohou";7;"11";"1";"439"
"EROCIC";"obs_ohou";8;"111";"0";"218"
"EROCIC";"obs_ohou";9;"6";"1.5";"995"
"EROCIC";"obs_ohou";10;"3";"0.6";"252"
"EROCIC";"obs_bqiy";1;"0";"1";"180"
"EROCIC";"obs_bqiy";2;"2";"2";"310"
"EROCIC";"obs_bqiy";3;"120";"0";"226"
"EROCIC";"obs_bqiy";4;"5";"0.5";"200"
"EROCIC";"obs_bqiy";5;"8";"0.4";"240"
"EROCIC";"obs_bqiy";6;"6";"1";"415"
"EROCIC";"obs_bqiy";7;"0";"1";"370"
"EROCIC";"obs_bqiy";8;"120";"0";"120"
"EROCIC";"obs_bqiy";9;"0";"1";"450"
"EROCIC";"obs_bqiy";10;"0";"1";"353"
"CHRALT";"obs_fxol";1;"0";"4";"616"
"CHRALT";"obs_fxol";2;"0";"15";"492"
"CHRALT";"obs_fxol";3;"90";"0";"143"
"CHRALT";"obs_fxol";4;"0";"7";"130"
"CHRALT";"obs_fxol";5;"0";"5";"266"
"CHRALT";"obs_fxol";6;"0";"12";"157"
"CHRALT";"obs_fxol";7;"0";"25";"297"
"CHRALT";"obs_fxol";8;"60";"0";"135"
"CHRALT";"obs_fxol";9;"0";"50";"737"
"CHRALT";"obs_fxol";10;"0";"7";"486"
"CHRALT";"obs_nfsc";1;"0";"1";"321"
"CHRALT";"obs_nfsc";2;"0";"16";"413"
"CHRALT";"obs_nfsc";3;"60";"0";"125"
"CHRALT";"obs_nfsc";4;"0";"4";"334"
"CHRALT";"obs_nfsc";5;"0";"1";"157"
"CHRALT";"obs_nfsc";6;"0";"9";"369"
"CHRALT";"obs_nfsc";7;"0";"18";"691"
"CHRALT";"obs_nfsc";8;"60";"0";"171"
"CHRALT";"obs_nfsc";9;"0";"45";"735"
"CHRALT";"obs_nfsc";10;"0";"5";"410"
"CHRALT";"obs_avas";1;"0";"0.2";"200"
"CHRALT";"obs_avas";2;"0";"5";"423"
"CHRALT";"obs_avas";3;"0";"0.5";"10"
"CHRALT";"obs_avas";4;"45";"0";"130"
"CHRALT";"obs_avas";5;"0";"0.5";"60"
"CHRALT";"obs_avas";6;"0";"2";"208"
"CHRALT";"obs_avas";7;"6";"7";"212"
"CHRALT";"obs_avas";8;"40";"0";"10"
"CHRALT";"obs_avas";9;"0";"15";"714"
"CHRALT";"obs_avas";10;"0";"1";"195"
"CHRALT";"obs_citm";1;"0";"1";"140"
"CHRALT";"obs_citm";2;"1";"15";"670"
"CHRALT";"obs_citm";3;"60";"0";"60"
"CHRALT";"obs_citm";4;"0";"3";"180"
"CHRALT";"obs_citm";5;"0";"0.5";"240"
"CHRALT";"obs_citm";6;"0";"12";"265"
"CHRALT";"obs_citm";7;"0";"30";"420"
"CHRALT";"obs_citm";8;"60";"0";"60"
"CHRALT";"obs_citm";9;"0";"35";"1500"
"CHRALT";"obs_citm";10;"0";"5";"150"
"CHRALT";"obs_cola";1;"2";"1";"410"
"CHRALT";"obs_cola";2;"0";"5";"1120"
"CHRALT";"obs_cola";3;"120";"0";"110"
"CHRALT";"obs_cola";4;"3";"2";"210"
"CHRALT";"obs_cola";5;"2";"1";"180"
"CHRALT";"obs_cola";6;"1";"4";"570"
"CHRALT";"obs_cola";7;"0";"12";"815"
"CHRALT";"obs_cola";8;"90";"0";"260"
"CHRALT";"obs_cola";9;"0";"30";"1460"
"CHRALT";"obs_cola";10;"4";"4";"380"
"FAGSYL";"obs_qmvf";1;"0";"3";"145"
"FAGSYL";"obs_qmvf";2;"0";"8";"397"
"FAGSYL";"obs_qmvf";3;"3";"0.05";"125"
"FAGSYL";"obs_qmvf";4;"0";"5";"256"
"FAGSYL";"obs_qmvf";5;"0";"10";"270"
"FAGSYL";"obs_qmvf";6;"0";"3";"160"
"FAGSYL";"obs_qmvf";7;"0";"12";"359"
"FAGSYL";"obs_qmvf";8;"10";"0";"10"
"FAGSYL";"obs_qmvf";9;"0";"3";"270"
"FAGSYL";"obs_qmvf";10;"0";"20";"450"
"FAGSYL";"obs_ymis";1;"0";"4";"82"
"FAGSYL";"obs_ymis";2;"0";"15";"307"
"FAGSYL";"obs_ymis";3;"3";"1";"191"
"FAGSYL";"obs_ymis";4;"0";"5";"291"
"FAGSYL";"obs_ymis";5;"0";"3";"440"
"FAGSYL";"obs_ymis";6;"0";"1";"278"
"FAGSYL";"obs_ymis";7;"0";"10";"280"
"FAGSYL";"obs_ymis";8;"10";"0";"69"
"FAGSYL";"obs_ymis";9;"0";"2";"243"
"FAGSYL";"obs_ymis";10;"0";"25";"842"
"FAGSYL";"obs_dpje";1;"0";"2";"780"
"FAGSYL";"obs_dpje";2;"0";"15";"589"
"FAGSYL";"obs_dpje";3;"0";"1";"230"
"FAGSYL";"obs_dpje";4;"0";"5";"587"
"FAGSYL";"obs_dpje";5;"0";"5";"300"
"FAGSYL";"obs_dpje";6;"0";"2";"592"
"FAGSYL";"obs_dpje";7;"0";"7";"594"
"FAGSYL";"obs_dpje";8;"40";"0";"30"
"FAGSYL";"obs_dpje";9;"0";"2";"340"
"FAGSYL";"obs_dpje";10;"0";"20";"320"
"FAGSYL";"obs_heia";1;"0";"3";"167"
"FAGSYL";"obs_heia";2;"0";"10";"364"
"FAGSYL";"obs_heia";3;"1";"0.5";"91"
"FAGSYL";"obs_heia";4;"0";"8";"290"
"FAGSYL";"obs_heia";5;"0";"6";"226"
"FAGSYL";"obs_heia";6;"0";"3";"116"
"FAGSYL";"obs_heia";7;"0";"12";"518"
"FAGSYL";"obs_heia";8;"5";"0";"4"
"FAGSYL";"obs_heia";9;"0";"1";"148"
"FAGSYL";"obs_heia";10;"0";"16";"650"
"FAGSYL";"obs_ydiz";1;"0";"7.5";"400"
"FAGSYL";"obs_ydiz";2;"0";"17";"600"
"FAGSYL";"obs_ydiz";3;"2";"1.5";"98"
"FAGSYL";"obs_ydiz";4;"0";"9";"190"
"FAGSYL";"obs_ydiz";5;"0";"11";"210"
"FAGSYL";"obs_ydiz";6;"0";"4.5";"97"
"FAGSYL";"obs_ydiz";7;"0";"22";"660"
"FAGSYL";"obs_ydiz";8;"25";"0";"20"
"FAGSYL";"obs_ydiz";9;"0";"3.5";"205"
"FAGSYL";"obs_ydiz";10;"0";"40";"1200"
"FAGSYL";"obs_fxol";1;"0";"11";"140"
"FAGSYL";"obs_fxol";2;"0";"25";"370"
"FAGSYL";"obs_fxol";3;"0";"1";"34"
"FAGSYL";"obs_fxol";4;"0";"20";"199"
"FAGSYL";"obs_fxol";5;"0";"15";"190"
"FAGSYL";"obs_fxol";6;"0";"9";"106"
"FAGSYL";"obs_fxol";7;"0";"35";"283"
"FAGSYL";"obs_fxol";8;"15";"0";"20"
"FAGSYL";"obs_fxol";9;"0";"8";"122"
"FAGSYL";"obs_fxol";10;"0";"55";"584"
"HIEsp";"obs_fjab";1;"0";"12";"374"
"HIEsp";"obs_fjab";2;"0";"17";"306"
"HIEsp";"obs_fjab";3;"60";"0";"78"
"HIEsp";"obs_fjab";4;"0";"32";"443"
"HIEsp";"obs_fjab";5;"0";"5";"145"
"HIEsp";"obs_fjab";6;"0";"15";"240"
"HIEsp";"obs_fjab";7;"0";"15";"255"
"HIEsp";"obs_fjab";8;"30";"1";"80"
"HIEsp";"obs_fjab";9;"0";"26";"541"
"HIEsp";"obs_fjab";10;"0";"8";"200"
"HIEsp";"obs_cslu";1;"0";"7";"506"
"HIEsp";"obs_cslu";2;"2";"5";"213"
"HIEsp";"obs_cslu";3;"23";"0";"0"
"HIEsp";"obs_cslu";4;"0";"18";"410"
"HIEsp";"obs_cslu";5;"0";"3";"141"
"HIEsp";"obs_cslu";6;"0";"10";"234"
"HIEsp";"obs_cslu";7;"0";"5";"333"
"HIEsp";"obs_cslu";8;"4";"2";"90"
"HIEsp";"obs_cslu";9;"0";"45";"600"
"HIEsp";"obs_cslu";10;"0";"5";"152"
"HIEsp";"obs_eppk";1;"4";"6";"437"
"HIEsp";"obs_eppk";2;"0";"15";"450"
"HIEsp";"obs_eppk";3;NA;"0";"20"
"HIEsp";"obs_eppk";4;"0";"21";"600"
"HIEsp";"obs_eppk";5;"3";"4";"130"
"HIEsp";"obs_eppk";6;"1";"7";"303"
"HIEsp";"obs_eppk";7;"2";"5";"340"
"HIEsp";"obs_eppk";8;"2";"0";"120"
"HIEsp";"obs_eppk";9;"0";"45";"660"
"HIEsp";"obs_eppk";10;"1";"3";"197"
"HIEsp";"obs_plpm";1;"0";"25";"445"
"HIEsp";"obs_plpm";2;"0";"13";"303"
"HIEsp";"obs_plpm";3;"32";"0.5";"80"
"HIEsp";"obs_plpm";4;"0";"32";"423"
"HIEsp";"obs_plpm";5;"0";"5";"160"
"HIEsp";"obs_plpm";6;"3";"8";"290"
"HIEsp";"obs_plpm";7;"0";"10";"390"
"HIEsp";"obs_plpm";8;"60";"0";"123"
"HIEsp";"obs_plpm";9;"0";"28";"534"
"HIEsp";"obs_plpm";10;"0";"8";"153"
"HIEsp";"obs_vrqz";1;"22";"20";"130"
"HIEsp";"obs_vrqz";2;"17";"24";"149"
"HIEsp";"obs_vrqz";3;"10";"3";"190"
"HIEsp";"obs_vrqz";4;"25";"78";"370"
"HIEsp";"obs_vrqz";5;"30";"10";"165"
"HIEsp";"obs_vrqz";6;"14";"30";"370"
"HIEsp";"obs_vrqz";7;"16";"3";"200"
"HIEsp";"obs_vrqz";8;NA;"0";"125"
"HIEsp";"obs_vrqz";9;"14";"40";"605"
"HIEsp";"obs_vrqz";10;"9";"5";"249"
"HIEsp";"obs_llba";1;"0";"10";"430"
"HIEsp";"obs_llba";2;"0";"15";"230"
"HIEsp";"obs_llba";3;"60";"1";"42"
"HIEsp";"obs_llba";4;"0";"25";"420"
"HIEsp";"obs_llba";5;"0";"5";"88"
"HIEsp";"obs_llba";6;"0";"10";"212"
"HIEsp";"obs_llba";7;"0";"7";"221"
"HIEsp";"obs_llba";8;"41";"2";"47"
"HIEsp";"obs_llba";9;"0";"15";"491"
"HIEsp";"obs_llba";10;"0";"6";"170"
"HIEsp";"obs_atub";1;"0";"5";"346"
"HIEsp";"obs_atub";2;"0";"10";"457"
"HIEsp";"obs_atub";3;"90";"0.5";"75"
"HIEsp";"obs_atub";4;"0";"38";"480"
"HIEsp";"obs_atub";5;"0";"13";"465"
"HIEsp";"obs_atub";6;"0";"15";"360"
"HIEsp";"obs_atub";7;"0";"10";"420"
"HIEsp";"obs_atub";8;"10";"1";"120"
"HIEsp";"obs_atub";9;"0";"35";"700"
"HIEsp";"obs_atub";10;"0";"15";"206"
"BRORUB";"obs_autm";1;"5";"1";"539"
"BRORUB";"obs_autm";2;"1";"0.5";"774"
"BRORUB";"obs_autm";3;"71";"0.1";"174"
"BRORUB";"obs_autm";4;"6";"3";"669"
"BRORUB";"obs_autm";5;"1";"0.5";"265"
"BRORUB";"obs_autm";6;"2";"0.5";"319"
"BRORUB";"obs_autm";7;"1";"5";"960"
"BRORUB";"obs_autm";8;"62";"0.1";"149"
"BRORUB";"obs_autm";9;"1";"3";"701"
"BRORUB";"obs_autm";10;"1";"4";"610"
"BRORUB";"obs_ziwg";1;"4";"2";"570"
"BRORUB";"obs_ziwg";2;"4";"2";"663"
"BRORUB";"obs_ziwg";3;"12";"0.1";"384"
"BRORUB";"obs_ziwg";4;"7";"4";"532"
"BRORUB";"obs_ziwg";5;"15";"0.1";"382"
"BRORUB";"obs_ziwg";6;"2";"0.1";"404"
"BRORUB";"obs_ziwg";7;"2";"10";"941"
"BRORUB";"obs_ziwg";8;"7";"0.1";"292"
"BRORUB";"obs_ziwg";9;"4";"3";"695"
"BRORUB";"obs_ziwg";10;"6";"2";"881"
"BRORUB";"obs_tyds";1;"0";"4";"334"
"BRORUB";"obs_tyds";2;"4";"6";"460"
"BRORUB";"obs_tyds";3;"8";"0.1";"142"
"BRORUB";"obs_tyds";4;"1";"5";"497"
"BRORUB";"obs_tyds";5;"1.5";"0.1";"300"
"BRORUB";"obs_tyds";6;"2";"2";"245"
"BRORUB";"obs_tyds";7;"3";"15";"643"
"BRORUB";"obs_tyds";8;"1";"0.1";"126"
"BRORUB";"obs_tyds";9;"1";"5";"290"
"BRORUB";"obs_tyds";10;"1.5";"4";"304"
"BRORUB";"obs_rsjk";1;"3";"2";"681"
"BRORUB";"obs_rsjk";2;"5";"1";"767"
"BRORUB";"obs_rsjk";3;"1.4";"0.1";"425"
"BRORUB";"obs_rsjk";4;"3";"5";"398"
"BRORUB";"obs_rsjk";5;"7";"0.5";"370"
"BRORUB";"obs_rsjk";6;"17";"0.7";"280"
"BRORUB";"obs_rsjk";7;"1";"15";"2050"
"BRORUB";"obs_rsjk";8;"21";"0.2";"299"
"BRORUB";"obs_rsjk";9;"1";"7";"600"
"BRORUB";"obs_rsjk";10;"7";"4";"872"
"BRORUB";"obs_hdlk";1;"4";"1";"871"
"BRORUB";"obs_hdlk";2;"4";"0.5";"500"
"BRORUB";"obs_hdlk";3;"13";"0.5";"143"
"BRORUB";"obs_hdlk";4;"4";"2";"303"
"BRORUB";"obs_hdlk";5;"9";"0.5";"303"
"BRORUB";"obs_hdlk";6;"5";"0.5";"313"
"BRORUB";"obs_hdlk";7;"5";"7";"421"
"BRORUB";"obs_hdlk";8;"26";"0.5";"308"
"BRORUB";"obs_hdlk";9;"6";"5";"355"
"BRORUB";"obs_hdlk";10;"3";"2";"2495"
"BRORUB";"obs_emom";1;"3";"0.6";"1220"
"BRORUB";"obs_emom";2;"4";"0.3";"1290"
"BRORUB";"obs_emom";3;"60";"0.1";"110"
"BRORUB";"obs_emom";4;"3";"1";"890"
"BRORUB";"obs_emom";5;"3";"0.1";"245"
"BRORUB";"obs_emom";6;"9";"0.2";"255"
"BRORUB";"obs_emom";7;"2";"2.5";"990"
"BRORUB";"obs_emom";8;"4";"0.1";"200"
"BRORUB";"obs_emom";9;"6";"1";"1000"
"BRORUB";"obs_emom";10;"25";"0.7";"668"
"SHEARV";"obs_wpdy";1;"11";"<0,1";"483"
"SHEARV";"obs_wpdy";2;"105";"<0,1";"1660"
"SHEARV";"obs_wpdy";3;"10";"0.1";"245"
"SHEARV";"obs_wpdy";4;"9";"<0,1";"1090"
"SHEARV";"obs_wpdy";5;"3";"<0,1";"410"
"SHEARV";"obs_wpdy";6;"2";"1";"1025"
"SHEARV";"obs_wpdy";7;"2";"<0,1";"195"
"SHEARV";"obs_wpdy";8;"29";"<0,1";"240"
"SHEARV";"obs_wpdy";9;"4";"<0,1";"1400"
"SHEARV";"obs_wpdy";10;"11";"<0,1";"210"
"SHEARV";"obs_cpof";1;"33";"0.01";"505"
"SHEARV";"obs_cpof";2;"7";"<1";"732"
"SHEARV";"obs_cpof";3;"120";"0";"240"
"SHEARV";"obs_cpof";4;"20";"<1";"1290"
"SHEARV";"obs_cpof";5;"23";"<1";"290"
"SHEARV";"obs_cpof";6;"10";"<1";"550"
"SHEARV";"obs_cpof";7;"77";"0.01";"320"
"SHEARV";"obs_cpof";8;"16";"0.01";"321"
"SHEARV";"obs_cpof";9;"6";"1.7000000000000001E-2";"485"
"SHEARV";"obs_cpof";10;"8";"0.01";"315"
"SHEARV";"obs_nbeb";1;"7";"<1";"517"
"SHEARV";"obs_nbeb";2;"8";"2";"1022"
"SHEARV";"obs_nbeb";3;"120";"0";"278"
"SHEARV";"obs_nbeb";4;"13";"2";"1095"
"SHEARV";"obs_nbeb";5;"7";"<1";"387"
"SHEARV";"obs_nbeb";6;"6";"<1";"770"
"SHEARV";"obs_nbeb";7;"9";"<0,1";"574"
"SHEARV";"obs_nbeb";8;"50";"<0,1";"344"
"SHEARV";"obs_nbeb";9;"7";"<0,1";"541"
"SHEARV";"obs_nbeb";10;"8";"<0,1";"440"
"SHEARV";"obs_raux";1;"7";"8.9999999999999993E-3";"520"
"SHEARV";"obs_raux";2;"3";"8.9999999999999993E-3";"730"
"SHEARV";"obs_raux";3;NA;"0";"600"
"SHEARV";"obs_raux";4;"4";"0.5";"900"
"SHEARV";"obs_raux";5;"13";"0.01";"640"
"SHEARV";"obs_raux";6;"11";"0.02";"725"
"SHEARV";"obs_raux";7;"39";"8.9999999999999993E-3";"725"
"SHEARV";"obs_raux";8;"34";"8.9999999999999993E-3";"520"
"SHEARV";"obs_raux";9;"6";"8.9999999999999993E-3";"556"
"SHEARV";"obs_raux";10;"4";"8.9999999999999993E-3";"600"
"SHEARV";"obs_fdod";1;"8";"0.05";"525"
"SHEARV";"obs_fdod";2;"3";"0.03";"1324"
"SHEARV";"obs_fdod";3;"86";"1E-3";"592"
"SHEARV";"obs_fdod";4;"4";"7.0000000000000007E-2";"1215"
"SHEARV";"obs_fdod";5;"2";"0.01";"602"
"SHEARV";"obs_fdod";6;"12";"1E-3";"855"
"SHEARV";"obs_fdod";7;"103";"0.01";"370"
"SHEARV";"obs_fdod";8;"90";"1E-3";"420"
"SHEARV";"obs_fdod";9;"10";"0.01";"900"
"SHEARV";"obs_fdod";10;"10";"0.05";"610"
"SHEARV";"obs_gyoc";1;"10";"0.01";"438"
"SHEARV";"obs_gyoc";2;"3";"0.01";"540"
"SHEARV";"obs_gyoc";3;"80";"1E-4";"219"
"SHEARV";"obs_gyoc";4;"1";"0.02";"504"
"SHEARV";"obs_gyoc";5;"7";"5.0000000000000001E-3";"398"
"SHEARV";"obs_gyoc";6;"2";"0.01";"535"
"SHEARV";"obs_gyoc";7;"16";"1E-4";"135"
"SHEARV";"obs_gyoc";8;"17";"1E-4";"269"
"SHEARV";"obs_gyoc";9;"2";"0.01";"251"
"SHEARV";"obs_gyoc";10;"15";"5.0000000000000001E-3";"334"
"MENSUA";"obs_guig";1;"0";"5";"517"
"MENSUA";"obs_guig";2;"4";"0.8";"766"
"MENSUA";"obs_guig";3;"120";"0";"241"
"MENSUA";"obs_guig";4;"0";"14";"1368"
"MENSUA";"obs_guig";5;"0";"9";"455"
"MENSUA";"obs_guig";6;"15";"0.5";"495"
"MENSUA";"obs_guig";7;"2";"3";"671"
"MENSUA";"obs_guig";8;"120";"0";"317"
"MENSUA";"obs_guig";9;"0";"4";"972"
"MENSUA";"obs_guig";10;"4";"2";"593"
"MENSUA";"obs_eruf";1;"1";"27";"551"
"MENSUA";"obs_eruf";2;"16";"10";"442"
"MENSUA";"obs_eruf";3;NA;"0";"360"
"MENSUA";"obs_eruf";4;"1";"15";"1056"
"MENSUA";"obs_eruf";5;"1";"15";"642"
"MENSUA";"obs_eruf";6;"1";"10";"615"
"MENSUA";"obs_eruf";7;"1";"18";"810"
"MENSUA";"obs_eruf";8;NA;"0";"390"
"MENSUA";"obs_eruf";9;"1";"22";"510"
"MENSUA";"obs_eruf";10;"1";"25";"568"
"MENSUA";"obs_hqzj";1;"1";"6";"655"
"MENSUA";"obs_hqzj";2;"3";"3";"380"
"MENSUA";"obs_hqzj";3;"120";"0";"122"
"MENSUA";"obs_hqzj";4;"1";"41";"610"
"MENSUA";"obs_hqzj";5;"1";"12";"1086"
"MENSUA";"obs_hqzj";6;"5";"3";"379"
"MENSUA";"obs_hqzj";7;"2";"13";"1426"
"MENSUA";"obs_hqzj";8;"120";"0";"125"
"MENSUA";"obs_hqzj";9;"1";"40";"342"
"MENSUA";"obs_hqzj";10;"2";"11";"1216"
"MENSUA";"obs_cdgr";1;"0";"6";"923"
"MENSUA";"obs_cdgr";2;"2";"5";"413"
"MENSUA";"obs_cdgr";3;"28";"0";"121"
"MENSUA";"obs_cdgr";4;"0";"28";"1050"
"MENSUA";"obs_cdgr";5;"0";"15";"970"
"MENSUA";"obs_cdgr";6;"1";"4";"555"
"MENSUA";"obs_cdgr";7;"0";"15";"840"
"MENSUA";"obs_cdgr";8;"75";"0";"242"
"MENSUA";"obs_cdgr";9;"0";"14";"978"
"MENSUA";"obs_cdgr";10;"5";"11";"783"
"MENSUA";"obs_oupc";1;"0";"4";"935"
"MENSUA";"obs_oupc";2;"1";"1";"931"
"MENSUA";"obs_oupc";3;"60";"0";"277"
"MENSUA";"obs_oupc";4;"0";"18";"851"
"MENSUA";"obs_oupc";5;"0";"5";"617"
"MENSUA";"obs_oupc";6;"0";"2";"950"
"MENSUA";"obs_oupc";7;"0";"8";"862"
"MENSUA";"obs_oupc";8;"60";"0";"605"
"MENSUA";"obs_oupc";9;"0";"8";"805"
"MENSUA";"obs_oupc";10;"3";"4";"525"
"SCAATR";"obs_urcs";1;"90";"2";"202"
"SCAATR";"obs_urcs";2;"15";"8";"565"
"SCAATR";"obs_urcs";3;"23";"0";"109"
"SCAATR";"obs_urcs";4;"2";"10";"1023"
"SCAATR";"obs_urcs";5;"1";"5";"573"
"SCAATR";"obs_urcs";6;"4";"4";"549"
"SCAATR";"obs_urcs";7;"1";"40";"1002"
"SCAATR";"obs_urcs";8;"40";"0";"109"
"SCAATR";"obs_urcs";9;"1";"20";"889"
"SCAATR";"obs_urcs";10;"1";"4";"549"
"SCAATR";"obs_dawu";1;"80";"0.1";"250"
"SCAATR";"obs_dawu";2;"1";"6";"403"
"SCAATR";"obs_dawu";3;"120";"0";"390"
"SCAATR";"obs_dawu";4;"4";"18";"1550"
"SCAATR";"obs_dawu";5;"1";"2";"720"
"SCAATR";"obs_dawu";6;"1";"0.5";"631"
"SCAATR";"obs_dawu";7;"1";"25";"963"
"SCAATR";"obs_dawu";8;"120";"0";"122"
"SCAATR";"obs_dawu";9;"3";"1";"1273"
"SCAATR";"obs_dawu";10;"20";"0.5";"505"
"SCAATR";"obs_aswy";1;"10";"0.5";"335"
"SCAATR";"obs_aswy";2;"1";"11";"472"
"SCAATR";"obs_aswy";3;"53";"0";"197"
"SCAATR";"obs_aswy";4;"2";"20";"1565"
"SCAATR";"obs_aswy";5;"1";"4";"591"
"SCAATR";"obs_aswy";6;"2";"3";"480"
"SCAATR";"obs_aswy";7;"1";"25";"825"
"SCAATR";"obs_aswy";8;"18";"0";"174"
"SCAATR";"obs_aswy";9;"2";"30";"848"
"SCAATR";"obs_aswy";10;"1";"2";"376"
"SCAATR";"obs_okss";1;"7";"0.1";"214"
"SCAATR";"obs_okss";2;"1";"3";"495"
"SCAATR";"obs_okss";3;"60";"0";"104"
"SCAATR";"obs_okss";4;"2";"4";"1163"
"SCAATR";"obs_okss";5;"2";"1.5";"565"
"SCAATR";"obs_okss";6;"2";"0.4";"631"
"SCAATR";"obs_okss";7;"1";"38";"990"
"SCAATR";"obs_okss";8;"80";"0";"68"
"SCAATR";"obs_okss";9;"1";"22";"1130"
"SCAATR";"obs_okss";10;"3";"0.3";"430"
"SCAATR";"obs_zjcj";1;"1";"0.11";"128"
"SCAATR";"obs_zjcj";2;"0";"3";"230"
"SCAATR";"obs_zjcj";3;"23";"0";"23"
"SCAATR";"obs_zjcj";4;"0";"2";"818"
"SCAATR";"obs_zjcj";5;"0";"1";"283"
"SCAATR";"obs_zjcj";6;"15";"2";"155"
"SCAATR";"obs_zjcj";7;"0";"5";"559"
"SCAATR";"obs_zjcj";8;"36";"0";"30"
"SCAATR";"obs_zjcj";9;"0";"2";"593"
"SCAATR";"obs_zjcj";10;"5";"0.5";"175"
"SCAATR";"obs_pspx";1;"15";"1";"310"
"SCAATR";"obs_pspx";2;"1";"4";"690"
"SCAATR";"obs_pspx";3;"120";"0";"125"
"SCAATR";"obs_pspx";4;"1";"6";"216"
"SCAATR";"obs_pspx";5;"0";"3";"570"
"SCAATR";"obs_pspx";6;"2";"2";"780"
"SCAATR";"obs_pspx";7;"0";"10";"935"
"SCAATR";"obs_pspx";8;"120";"0";"168"
"SCAATR";"obs_pspx";9;"0";"7";"1455"
"SCAATR";"obs_pspx";10;"0";"2";"410"
"ORNANG";"obs_fdhm";1;"0";"15";"427"
"ORNANG";"obs_fdhm";2;"0";"12";"615"
"ORNANG";"obs_fdhm";3;"60";"0";"90"
"ORNANG";"obs_fdhm";4;"0";"4";"745"
"ORNANG";"obs_fdhm";5;"0";"2";"530"
"ORNANG";"obs_fdhm";6;"0";"1";"480"
"ORNANG";"obs_fdhm";7;"0";"20";"871"
"ORNANG";"obs_fdhm";8;"0";"0.2";"165"
"ORNANG";"obs_fdhm";9;"0";"8";"716"
"ORNANG";"obs_fdhm";10;"0";"0.1";"400"
"ORNANG";"obs_ohjn";1;"0";"3";"519"
"ORNANG";"obs_ohjn";2;"0";"8";"421"
"ORNANG";"obs_ohjn";3;"27";"0";"134"
"ORNANG";"obs_ohjn";4;"0";"5";"854"
"ORNANG";"obs_ohjn";5;"0";"6";"495"
"ORNANG";"obs_ohjn";6;"0";"2";"386"
"ORNANG";"obs_ohjn";7;"0";"11";"871"
"ORNANG";"obs_ohjn";8;"1";"0.1";"313"
"ORNANG";"obs_ohjn";9;"1";"4";"448"
"ORNANG";"obs_ohjn";10;"0";"3";"416"
"ORNANG";"obs_jdlo";1;"0";"3";"460"
"ORNANG";"obs_jdlo";2;"0";"3";"465"
"ORNANG";"obs_jdlo";3;"26";"0";"23"
"ORNANG";"obs_jdlo";4;"0";"3";"380"
"ORNANG";"obs_jdlo";5;"0";"3";"842"
"ORNANG";"obs_jdlo";6;"0";"2";"374"
"ORNANG";"obs_jdlo";7;"0";"7";"1480"
"ORNANG";"obs_jdlo";8;"0";"<1";"140"
"ORNANG";"obs_jdlo";9;"1";"5";"518"
"ORNANG";"obs_jdlo";10;"1";"<1";"999"
"ORNANG";"obs_aoxz";1;"0";"2";"674"
"ORNANG";"obs_aoxz";2;"0";"3";"732"
"ORNANG";"obs_aoxz";3;"120";"0";"93"
"ORNANG";"obs_aoxz";4;"0";"1.5";"902"
"ORNANG";"obs_aoxz";5;"0";"1";"386"
"ORNANG";"obs_aoxz";6;"0";"1";"310"
"ORNANG";"obs_aoxz";7;"0";"18";"843"
"ORNANG";"obs_aoxz";8;"0";"1";"395"
"ORNANG";"obs_aoxz";9;"0";"3";"741"
"ORNANG";"obs_aoxz";10;"0";"1";"803"
"ORNANG";"obs_cyjn";1;"0";"2";"608"
"ORNANG";"obs_cyjn";2;"0";"3";"527"
"ORNANG";"obs_cyjn";3;"28";"0";"130"
"ORNANG";"obs_cyjn";4;"0";"2";"651"
"ORNANG";"obs_cyjn";5;"0";"3";"512"
"ORNANG";"obs_cyjn";6;"1";"1";"406"
"ORNANG";"obs_cyjn";7;"1";"5";"754"
"ORNANG";"obs_cyjn";8;"1";"<1";"439"
"ORNANG";"obs_cyjn";9;"3";"2";"575"
"ORNANG";"obs_cyjn";10;"1";"<1";"332"
"EVAPYG";"obs_hmgi";1;"1";"0.1";"228"
"EVAPYG";"obs_hmgi";2;"8";"0.1";"475"
"EVAPYG";"obs_hmgi";3;"120";"0";"87"
"EVAPYG";"obs_hmgi";4;"2";"0.1";"175"
"EVAPYG";"obs_hmgi";5;"4";"2";"756"
"EVAPYG";"obs_hmgi";6;"19";"0.1";"374"
"EVAPYG";"obs_hmgi";7;"4";"0.1";"547"
"EVAPYG";"obs_hmgi";8;"120";"0";"82"
"EVAPYG";"obs_hmgi";9;"1";"3";"564"
"EVAPYG";"obs_hmgi";10;"1";"1";"244"
"EVAPYG";"obs_wxrb";1;"10";"<1";NA
"EVAPYG";"obs_wxrb";2;"1";"1";"859"
"EVAPYG";"obs_wxrb";3;"120";"0";"180"
"EVAPYG";"obs_wxrb";4;"2";"0.1";"639"
"EVAPYG";"obs_wxrb";5;"3";"1";"1143"
"EVAPYG";"obs_wxrb";6;"40";"0.1";NA
"EVAPYG";"obs_wxrb";7;"8";"<1";NA
"EVAPYG";"obs_wxrb";8;"120";"0";NA
"EVAPYG";"obs_wxrb";9;"1";"3";"1167"
"EVAPYG";"obs_wxrb";10;"1";"0.1";NA
"EVAPYG";"obs_kfkt";1;"30";"2";"130"
"EVAPYG";"obs_kfkt";2;"30";"4";"340"
"EVAPYG";"obs_kfkt";3;"30";"0";"60"
"EVAPYG";"obs_kfkt";4;"30";"3";"180"
"EVAPYG";"obs_kfkt";5;"60";"1";"480"
"EVAPYG";"obs_kfkt";6;"120";"2";"332"
"EVAPYG";"obs_kfkt";7;"120";"1";"420"
"EVAPYG";"obs_kfkt";8;"60";"0";"180"
"EVAPYG";"obs_kfkt";9;"60";"5";"600"
"EVAPYG";"obs_kfkt";10;"60";"10";"300"
"EVAPYG";"obs_trjf";1;"1";"0.1";"585"
"EVAPYG";"obs_trjf";2;"0";"2";"648"
"EVAPYG";"obs_trjf";3;"38";"0";"396"
"EVAPYG";"obs_trjf";4;"1";"0.1";"424"
"EVAPYG";"obs_trjf";5;"1";"4";"1465"
"EVAPYG";"obs_trjf";6;"0";"1";"1104"
"EVAPYG";"obs_trjf";7;"0";"0.5";"1020"
"EVAPYG";"obs_trjf";8;"37";"0";"210"
"EVAPYG";"obs_trjf";9;"0";"2";"1025"
"EVAPYG";"obs_trjf";10;"0";"1";"897"
"EVAPYG";"obs_oppu";1;"3";"<1";"590"
"EVAPYG";"obs_oppu";2;"6";"1";"720"
"EVAPYG";"obs_oppu";3;"120";"0";"210"
"EVAPYG";"obs_oppu";4;"7";"0.5";"733"
"EVAPYG";"obs_oppu";5;"2";"2";"1515"
"EVAPYG";"obs_oppu";6;"2";"1";"720"
"EVAPYG";"obs_oppu";7;"1";"1";"1335"
"EVAPYG";"obs_oppu";8;"120";"0";"320"
"EVAPYG";"obs_oppu";9;"1";"5";"790"
"EVAPYG";"obs_oppu";10;"11";"2";"960"
"EVAPYG";"obs_cqsa";1;"10";"0.1";"665"
"EVAPYG";"obs_cqsa";2;"5";"0.1";"1018"
"EVAPYG";"obs_cqsa";3;NA;"0";"60"
"EVAPYG";"obs_cqsa";4;"50";"0.1";"360"
"EVAPYG";"obs_cqsa";5;"1";"7";"999"
"EVAPYG";"obs_cqsa";6;"1";"0.1";"648"
"EVAPYG";"obs_cqsa";7;"1";"2";"717"
"EVAPYG";"obs_cqsa";8;NA;"0";"194"
"EVAPYG";"obs_cqsa";9;"1";"6";"1585"
"EVAPYG";"obs_cqsa";10;"1";"1";"870"
"EVAPYG";"obs_zalk";1;"30";"3";"410"
"EVAPYG";"obs_zalk";2;"0";"5";"1180"
"EVAPYG";"obs_zalk";3;"45";"1";"107"
"EVAPYG";"obs_zalk";4;"10";"10";"740"
"EVAPYG";"obs_zalk";5;"4";"20";"1218"
"EVAPYG";"obs_zalk";6;"7";"5";"1200"
"EVAPYG";"obs_zalk";7;"5";"4";"1030"
"EVAPYG";"obs_zalk";8;"120";"0";"370"
"EVAPYG";"obs_zalk";9;"0";"18";"1240"
"EVAPYG";"obs_zalk";10;"0";"6";"750"
"OPHLUT";"obs_nscd";1;"0";"1";"241"
"OPHLUT";"obs_nscd";2;"0";"1";"425"
"OPHLUT";"obs_nscd";3;"90";"0";"127"
"OPHLUT";"obs_nscd";4;"3";"0.5";"273"
"OPHLUT";"obs_nscd";5;"0";"0.7";"302"
"OPHLUT";"obs_nscd";6;"1";"0.2";"224"
"OPHLUT";"obs_nscd";7;"0";"1.5";"378"
"OPHLUT";"obs_nscd";8;"60";"0";"157"
"OPHLUT";"obs_nscd";9;"0";"1";"480"
"OPHLUT";"obs_nscd";10;"2";"0.5";"196"
"OPHLUT";"obs_rjmb";1;"0";"1";"205"
"OPHLUT";"obs_rjmb";2;"0";"1";"217"
"OPHLUT";"obs_rjmb";3;"120";"0";"319"
"OPHLUT";"obs_rjmb";4;"0";"1";"348"
"OPHLUT";"obs_rjmb";5;"0";"0.5";"425"
"OPHLUT";"obs_rjmb";6;"6";"0.5";"242"
"OPHLUT";"obs_rjmb";7;"0";"1.5";"326"
"OPHLUT";"obs_rjmb";8;"120";"0";"223"
"OPHLUT";"obs_rjmb";9;"0";"1.5";"469"
"OPHLUT";"obs_rjmb";10;"0";"1";"387"
"OPHLUT";"obs_awgv";1;"0";"3";"621"
"OPHLUT";"obs_awgv";2;"0";"3";"450"
"OPHLUT";"obs_awgv";3;"120";"0";"322"
"OPHLUT";"obs_awgv";4;"0";"1";"454"
"OPHLUT";"obs_awgv";5;"0";"4";"414"
"OPHLUT";"obs_awgv";6;"0";"2";"393"
"OPHLUT";"obs_awgv";7;"0";"6";"464"
"OPHLUT";"obs_awgv";8;"120";"0";"388"
"OPHLUT";"obs_awgv";9;"0";"10";"748"
"OPHLUT";"obs_awgv";10;"0";"2";"603"
"OPHLUT";"obs_werf";1;"1";"2";"1060"
"OPHLUT";"obs_werf";2;"0";"1";"626"
"OPHLUT";"obs_werf";3;"51";"0";"380"
"OPHLUT";"obs_werf";4;"0";"0.5";"500"
"OPHLUT";"obs_werf";5;"0";"0.5";"436"
"OPHLUT";"obs_werf";6;"0";"0.5";"320"
"OPHLUT";"obs_werf";7;"2";"4";"384"
"OPHLUT";"obs_werf";8;"32";"0";"447"
"OPHLUT";"obs_werf";9;"1";"2";"890"
"OPHLUT";"obs_werf";10;"0";"1";"890"
"OPHLUT";"obs_ajeg";1;"0";"5";"349"
"OPHLUT";"obs_ajeg";2;"0";"6";"344"
"OPHLUT";"obs_ajeg";3;"120";"0";"206"
"OPHLUT";"obs_ajeg";4;"0";"3";"284"
"OPHLUT";"obs_ajeg";5;"0";"5";"294"
"OPHLUT";"obs_ajeg";6;"0";"3";"238"
"OPHLUT";"obs_ajeg";7;"1";"9";"329"
"OPHLUT";"obs_ajeg";8;"115";"0";"259"
"OPHLUT";"obs_ajeg";9;"0";"6";"370"
"OPHLUT";"obs_ajeg";10;"1";"4";"327"
"CARFLA";"obs_lktg";1;"3";"10";"650"
"CARFLA";"obs_lktg";2;"0";"8";"544"
"CARFLA";"obs_lktg";3;"20";"0";"60"
"CARFLA";"obs_lktg";4;"0";"1";"300"
"CARFLA";"obs_lktg";5;"0";"20";"405"
"CARFLA";"obs_lktg";6;"0";"22";"360"
"CARFLA";"obs_lktg";7;"0";"20";"647"
"CARFLA";"obs_lktg";8;"35";"0";"60"
"CARFLA";"obs_lktg";9;"0";"32";"690"
"CARFLA";"obs_lktg";10;"0";"8";"918"
"CARFLA";"obs_eonq";1;"28";"0.5";"729"
"CARFLA";"obs_eonq";2;"13";"6";"508"
"CARFLA";"obs_eonq";3;"90";"0";"258"
"CARFLA";"obs_eonq";4;"94";"0";"1188"
"CARFLA";"obs_eonq";5;"26";"1";"730"
"CARFLA";"obs_eonq";6;"62";"0.1";"878"
"CARFLA";"obs_eonq";7;"25";"1";"1185"
"CARFLA";"obs_eonq";8;"75";"0";"521"
"CARFLA";"obs_eonq";9;"17";"0.5";"2034"
"CARFLA";"obs_eonq";10;"24";"0.1";"799"
"CARFLA";"obs_pgxa";1;"4";"2";"605"
"CARFLA";"obs_pgxa";2;"3";"11";"620"
"CARFLA";"obs_pgxa";3;"83";"0";"125"
"CARFLA";"obs_pgxa";4;"33";"5";"720"
"CARFLA";"obs_pgxa";5;"6";"12";"600"
"CARFLA";"obs_pgxa";6;"3";"7";"590"
"CARFLA";"obs_pgxa";7;"4";"13";"1035"
"CARFLA";"obs_pgxa";8;"75";"0";"210"
"CARFLA";"obs_pgxa";9;"4";"10";"970"
"CARFLA";"obs_pgxa";10;"35";"3";"1180"
"CARFLA";"obs_qsyn";1;"15";"0.05";"620"
"CARFLA";"obs_qsyn";2;"1";"0.5";"479"
"CARFLA";"obs_qsyn";3;"120";"0";"87"
"CARFLA";"obs_qsyn";4;"15";"0.05";"105"
"CARFLA";"obs_qsyn";5;"5";"0.1";"705"
"CARFLA";"obs_qsyn";6;"5";"0.1";"305"
"CARFLA";"obs_qsyn";7;"10";"0.05";NA
"CARFLA";"obs_qsyn";8;"120";"0";"245"
"CARFLA";"obs_qsyn";9;"1";"3";"370"
"CARFLA";"obs_qsyn";10;"1";"0.05";"545"
"CARFLA";"obs_dkzp";1;"0";"5";"814"
"CARFLA";"obs_dkzp";2;"1";"21";"682"
"CARFLA";"obs_dkzp";3;"120";"0";NA
"CARFLA";"obs_dkzp";4;"55";"<1";"854"
"CARFLA";"obs_dkzp";5;"0";"22";"824"
"CARFLA";"obs_dkzp";6;"0";"5";"554"
"CARFLA";"obs_dkzp";7;"0";"21";"1412"
"CARFLA";"obs_dkzp";8;"75";"<1";"391"
"CARFLA";"obs_dkzp";9;"0";"21";"1112"
"CARFLA";"obs_dkzp";10;"17";"5";"1157"
"CARFLA";"obs_fdhm";1;"12";"3";"870"
"CARFLA";"obs_fdhm";2;"0";"4";"1260"
"CARFLA";"obs_fdhm";3;"90";"0";"200"
"CARFLA";"obs_fdhm";4;"30";"1";"555"
"CARFLA";"obs_fdhm";5;"0";"2";"798"
"CARFLA";"obs_fdhm";6;"4";"1";"805"
"CARFLA";"obs_fdhm";7;"0";"2";"965"
"CARFLA";"obs_fdhm";8;"120";"0";"165"
"CARFLA";"obs_fdhm";9;"0";"7";"1620"
"CARFLA";"obs_fdhm";10;"5";"3";"1200"
"ANAPYR";"obs_rfen";1;"0";"3";"453"
"ANAPYR";"obs_rfen";2;"0";"25";"641"
"ANAPYR";"obs_rfen";3;"120";"0";"235"
"ANAPYR";"obs_rfen";4;"0";"8";"416"
"ANAPYR";"obs_rfen";5;"0";"4";"302"
"ANAPYR";"obs_rfen";6;"0";"8";"563"
"ANAPYR";"obs_rfen";7;"0";"30";"565"
"ANAPYR";"obs_rfen";8;"120";"0";"352"
"ANAPYR";"obs_rfen";9;"0";"23";"735"
"ANAPYR";"obs_rfen";10;"0";"4";"823"
"ANAPYR";"obs_aslf";1;"0";"2";"358"
"ANAPYR";"obs_aslf";2;"0";"9";"555"
"ANAPYR";"obs_aslf";3;"41";"0";"189"
"ANAPYR";"obs_aslf";4;"0";"7";"530"
"ANAPYR";"obs_aslf";5;"0";"3";"390"
"ANAPYR";"obs_aslf";6;"0";"4";"946"
"ANAPYR";"obs_aslf";7;"0";"17";"774"
"ANAPYR";"obs_aslf";8;"35";"0";"125"
"ANAPYR";"obs_aslf";9;"0";"5";"474"
"ANAPYR";"obs_aslf";10;"0";"4";"828"
"ANAPYR";"obs_xoto";1;"0";"2";"627"
"ANAPYR";"obs_xoto";2;"0";"5";"474"
"ANAPYR";"obs_xoto";3;"120";"0";"396"
"ANAPYR";"obs_xoto";4;"0";"3";"427"
"ANAPYR";"obs_xoto";5;"0";"3";"810"
"ANAPYR";"obs_xoto";6;"0";"4";"530"
"ANAPYR";"obs_xoto";7;"0";"6";"690"
"ANAPYR";"obs_xoto";8;"120";"0";"334"
"ANAPYR";"obs_xoto";9;"0";"2";"405"
"ANAPYR";"obs_xoto";10;"0";"1";"610"
"ANAPYR";"obs_yhzj";1;"0";"18";"420"
"ANAPYR";"obs_yhzj";2;"0";"41";"341"
"ANAPYR";"obs_yhzj";3;"56";"0";"149"
"ANAPYR";"obs_yhzj";4;"0";"27";"205"
"ANAPYR";"obs_yhzj";5;"0";"12";"243"
"ANAPYR";"obs_yhzj";6;"0";"32";"665"
"ANAPYR";"obs_yhzj";7;"0";"21";"462"
"ANAPYR";"obs_yhzj";8;"105";"0";"120"
"ANAPYR";"obs_yhzj";9;"0";"13";"460"
"ANAPYR";"obs_yhzj";10;"0";"3";"518"
"ANAPYR";"obs_jdpu";1;"0";"4";"565"
"ANAPYR";"obs_jdpu";2;"0";"7";"355"
"ANAPYR";"obs_jdpu";3;"65";"0";"135"
"ANAPYR";"obs_jdpu";4;"0";"8";"250"
"ANAPYR";"obs_jdpu";5;"0";"3";"234"
"ANAPYR";"obs_jdpu";6;"1";"4";"450"
"ANAPYR";"obs_jdpu";7;"0";"10";"440"
"ANAPYR";"obs_jdpu";8;"50";"0";"245"
"ANAPYR";"obs_jdpu";9;"0";"5";"400"
"ANAPYR";"obs_jdpu";10;"2";"3";"360"
"RUMACE";"obs_dzxs";1;"1";"3";"890"
"RUMACE";"obs_dzxs";2;"0";"5";"2165"
"RUMACE";"obs_dzxs";3;"60";"0";"300"
"RUMACE";"obs_dzxs";4;"0";"20";"2100"
"RUMACE";"obs_dzxs";5;"1";"3";"735"
"RUMACE";"obs_dzxs";6;"1";"7";"1320"
"RUMACE";"obs_dzxs";7;"0";"2";"960"
"RUMACE";"obs_dzxs";8;"80";"0";"178"
"RUMACE";"obs_dzxs";9;"0";"40";"2280"
"RUMACE";"obs_dzxs";10;"0";"3";"718"
"RUMACE";"obs_wmyv";1;"0";"4";"520"
"RUMACE";"obs_wmyv";2;"0";"8";"1448"
"RUMACE";"obs_wmyv";3;"120";"0";"90"
"RUMACE";"obs_wmyv";4;"0";"30";"1597"
"RUMACE";"obs_wmyv";5;"0";"7";"400"
"RUMACE";"obs_wmyv";6;"0";"6";"845"
"RUMACE";"obs_wmyv";7;"0";"2";"774"
"RUMACE";"obs_wmyv";8;"30";"0";"60"
"RUMACE";"obs_wmyv";9;"0";"45";"1019"
"RUMACE";"obs_wmyv";10;"0";"5";"1574"
"RUMACE";"obs_qjqk";1;"1";"6";"496"
"RUMACE";"obs_qjqk";2;"4";"8";"601"
"RUMACE";"obs_qjqk";3;"41";"0";"184"
"RUMACE";"obs_qjqk";4;"1";"20";"649"
"RUMACE";"obs_qjqk";5;"20";"5";"463"
"RUMACE";"obs_qjqk";6;"10";"7";"1068"
"RUMACE";"obs_qjqk";7;"10";"4";"365"
"RUMACE";"obs_qjqk";8;"51";"0";"138"
"RUMACE";"obs_qjqk";9;"1";"15";"540"
"RUMACE";"obs_qjqk";10;"1";"6";"316"
"RUMACE";"obs_nfuc";1;"3";"9";"782"
"RUMACE";"obs_nfuc";2;"2";"12";"1841"
"RUMACE";"obs_nfuc";3;"21";"0";"153"
"RUMACE";"obs_nfuc";4;"3";"45";"2703"
"RUMACE";"obs_nfuc";5;"5";"13";"420"
"RUMACE";"obs_nfuc";6;"6";"10";"1500"
"RUMACE";"obs_nfuc";7;"10";"12";"600"
"RUMACE";"obs_nfuc";8;"27";"0";"205"
"RUMACE";"obs_nfuc";9;"2";"39";"2392"
"RUMACE";"obs_nfuc";10;"3";"7";"571"
"RUMACE";"obs_enjt";1;"0";"5";"180"
"RUMACE";"obs_enjt";2;"0";"15";"1140"
"RUMACE";"obs_enjt";3;"20";"0";"100"
"RUMACE";"obs_enjt";4;"4";"30";"1174"
"RUMACE";"obs_enjt";5;"4";"3";"360"
"RUMACE";"obs_enjt";6;"0";"3";"660"
"RUMACE";"obs_enjt";7;"1";"2";"510"
"RUMACE";"obs_enjt";8;"60";"0";"90"
"RUMACE";"obs_enjt";9;"0";"35";"1200"
"RUMACE";"obs_enjt";10;"0";"4";"340"
"EQUTEL";"obs_xoto";1;"0";"10";"175"
"EQUTEL";"obs_xoto";2;"0";"47";"430"
"EQUTEL";"obs_xoto";3;"45";"0";"183"
"EQUTEL";"obs_xoto";4;"0";"39";"595"
"EQUTEL";"obs_xoto";5;"0";"26";"500"
"EQUTEL";"obs_xoto";6;"0";"28";"432"
"EQUTEL";"obs_xoto";7;"0";"37";"393"
"EQUTEL";"obs_xoto";8;"45";"0";"162"
"EQUTEL";"obs_xoto";9;"0";"18";"519"
"EQUTEL";"obs_xoto";10;"0";"21";"320"
"EQUTEL";"obs_zlxw";1;"0";"2";"411"
"EQUTEL";"obs_zlxw";2;"0";"13";"405"
"EQUTEL";"obs_zlxw";3;"120";"0";"258"
"EQUTEL";"obs_zlxw";4;"0";"36";"919"
"EQUTEL";"obs_zlxw";5;"0";"9";"905"
"EQUTEL";"obs_zlxw";6;"0";"4";"499"
"EQUTEL";"obs_zlxw";7;"0";"28";"866"
"EQUTEL";"obs_zlxw";8;NA;"0";"0"
"EQUTEL";"obs_zlxw";9;"0";"7";"744"
"EQUTEL";"obs_zlxw";10;"0";"5";"460"
"EQUTEL";"obs_nzcz";1;"0";"8";"302"
"EQUTEL";"obs_nzcz";2;"0";"43";"330"
"EQUTEL";"obs_nzcz";3;"37";"0";"300"
"EQUTEL";"obs_nzcz";4;"0";"43";"723"
"EQUTEL";"obs_nzcz";5;"0";"27";"350"
"EQUTEL";"obs_nzcz";6;"0";"12";"251"
"EQUTEL";"obs_nzcz";7;"0";"57";"520"
"EQUTEL";"obs_nzcz";8;"27";"0";"128"
"EQUTEL";"obs_nzcz";9;"0";"18";"300"
"EQUTEL";"obs_nzcz";10;"0";"12";"396"
"EQUTEL";"obs_fbti";1;"0";"5";"173"
"EQUTEL";"obs_fbti";2;"0";"54";"391"
"EQUTEL";"obs_fbti";3;"4";"0";"88"
"EQUTEL";"obs_fbti";4;"0";"75";"472"
"EQUTEL";"obs_fbti";5;"0";"16";"424"
"EQUTEL";"obs_fbti";6;"0";"6";"310"
"EQUTEL";"obs_fbti";7;"0";"75";"757"
"EQUTEL";"obs_fbti";8;"18";"0";"190"
"EQUTEL";"obs_fbti";9;"0";"21";"223"
"EQUTEL";"obs_fbti";10;"0";"12";"462"
"EQUTEL";"obs_size";1;"0";"8";"408"
"EQUTEL";"obs_size";2;"0";"44";"580"
"EQUTEL";"obs_size";3;"74";"0";"327"
"EQUTEL";"obs_size";4;"0";"63";"610"
"EQUTEL";"obs_size";5;"0";"22";"402"
"EQUTEL";"obs_size";6;"0";"23";"316"
"EQUTEL";"obs_size";7;"0";"38";"441"
"EQUTEL";"obs_size";8;"60";"0";"217"
"EQUTEL";"obs_size";9;"0";"24";"339"
"EQUTEL";"obs_size";10;"0";"11";"570"
"EQUTEL";"obs_phev";1;"0";"5";"405"
"EQUTEL";"obs_phev";2;"0";"30";"690"
"EQUTEL";"obs_phev";3;"10";"0";"120"
"EQUTEL";"obs_phev";4;"0";"40";"588"
"EQUTEL";"obs_phev";5;"0";"10";"487"
"EQUTEL";"obs_phev";6;"0";"5";"780"
"EQUTEL";"obs_phev";7;"0";"40";"302"
"EQUTEL";"obs_phev";8;NA;"0";"180"
"EQUTEL";"obs_phev";9;"0";"30";"525"
"EQUTEL";"obs_phev";10;"0";"8";"645"
"EQUTEL";"obs_ruyi";1;"0";"8";NA
"EQUTEL";"obs_ruyi";2;"0";"46";NA
"EQUTEL";"obs_ruyi";3;"5";"0";NA
"EQUTEL";"obs_ruyi";4;"0";"60";NA
"EQUTEL";"obs_ruyi";5;"0";"28";NA
"EQUTEL";"obs_ruyi";6;"0";"14";NA
"EQUTEL";"obs_ruyi";7;"0";"44";NA
"EQUTEL";"obs_ruyi";8;"5";"0";NA
"EQUTEL";"obs_ruyi";9;"0";"20";NA
"EQUTEL";"obs_ruyi";10;"0";"18";NA
"LINVUL";"obs_njds";1;"0";"3";"358"
"LINVUL";"obs_njds";2;"0";"7";"187"
"LINVUL";"obs_njds";3;"55";"0";"99"
"LINVUL";"obs_njds";4;"1";"4";"288"
"LINVUL";"obs_njds";5;"0";"5";"917"
"LINVUL";"obs_njds";6;"0";"3";"284"
"LINVUL";"obs_njds";7;"0";"55";"1685"
"LINVUL";"obs_njds";8;"30";"0";"90"
"LINVUL";"obs_njds";9;"0";"35";"474"
"LINVUL";"obs_njds";10;"3";"8";"277"
"LINVUL";"obs_uzuk";1;"0";"1";"422"
"LINVUL";"obs_uzuk";2;"12";"1";"600"
"LINVUL";"obs_uzuk";3;"38";"0";"350"
"LINVUL";"obs_uzuk";4;"0";"1";"783"
"LINVUL";"obs_uzuk";5;"4";"5";"720"
"LINVUL";"obs_uzuk";6;"0";"3";"705"
"LINVUL";"obs_uzuk";7;"0";"44";"2040"
"LINVUL";"obs_uzuk";8;"70";"0";"347"
"LINVUL";"obs_uzuk";9;"0";"35";"875"
"LINVUL";"obs_uzuk";10;"0";"17";"672"
"LINVUL";"obs_hubl";1;"25";"2";"264"
"LINVUL";"obs_hubl";2;"4";"6";"495"
"LINVUL";"obs_hubl";3;"59";"0";"76"
"LINVUL";"obs_hubl";4;"7";"3";"589"
"LINVUL";"obs_hubl";5;"1";"2";"426"
"LINVUL";"obs_hubl";6;"2";"1";"425"
"LINVUL";"obs_hubl";7;"1";"35";"1500"
"LINVUL";"obs_hubl";8;"72";"0";"570"
"LINVUL";"obs_hubl";9;"1";"43";"781"
"LINVUL";"obs_hubl";10;"20";"7";"299"
"LINVUL";"obs_olxe";1;"1";"3";"227"
"LINVUL";"obs_olxe";2;"5";"18";"194"
"LINVUL";"obs_olxe";3;"21";"0";"219"
"LINVUL";"obs_olxe";4;"0";"4";"153"
"LINVUL";"obs_olxe";5;"3";"12";"850"
"LINVUL";"obs_olxe";6;"0";"7";"232"
"LINVUL";"obs_olxe";7;"0";"53";"1200"
"LINVUL";"obs_olxe";8;"23";"0";"70"
"LINVUL";"obs_olxe";9;"0";"36";"823"
"LINVUL";"obs_olxe";10;"2";"12";"437"
"LINVUL";"obs_frnf";1;"4";"8";"959"
"LINVUL";"obs_frnf";2;"2";"6";"710"
"LINVUL";"obs_frnf";3;"72";"0";"107"
"LINVUL";"obs_frnf";4;"0";"5";"287"
"LINVUL";"obs_frnf";5;"3";"13";"938"
"LINVUL";"obs_frnf";6;"0";"8";"340"
"LINVUL";"obs_frnf";7;"0";"24";"1588"
"LINVUL";"obs_frnf";8;"105";"0";"110"
"LINVUL";"obs_frnf";9;"0";"18";"873"
"LINVUL";"obs_frnf";10;"0";"5";"469"
"LINVUL";"obs_dbon";1;"2";"3";"279"
"LINVUL";"obs_dbon";2;"14";"12";"429"
"LINVUL";"obs_dbon";3;"95";"0";"189"
"LINVUL";"obs_dbon";4;"1";"2";"549"
"LINVUL";"obs_dbon";5;"4";"5";"799"
"LINVUL";"obs_dbon";6;"3";"20";"599"
"LINVUL";"obs_dbon";7;"1";"47";"1432"
"LINVUL";"obs_dbon";8;"120";"0";"158"
"LINVUL";"obs_dbon";9;"5";"10";"750"
"LINVUL";"obs_dbon";10;"2";"4";"673"
"LINVUL";"obs_aczj";1;"3";"9";"400"
"LINVUL";"obs_aczj";2;"1";"11";"547"
"LINVUL";"obs_aczj";3;"120";"0";"148"
"LINVUL";"obs_aczj";4;"5";"0.5";"257"
"LINVUL";"obs_aczj";5;"0";"18";"321"
"LINVUL";"obs_aczj";6;"0";"8";"540"
"LINVUL";"obs_aczj";7;"0";"32";"1478"
"LINVUL";"obs_aczj";8;"120";"0";"257"
"LINVUL";"obs_aczj";9;"0";"35";"620"
"LINVUL";"obs_aczj";10;"0";"5";"362"
"MELARV";"obs_oezi";1;"0";"15";"1110"
"MELARV";"obs_oezi";2;"0";"12";"750"
"MELARV";"obs_oezi";3;"60";"0";"310"
"MELARV";"obs_oezi";4;"0";"10";"817"
"MELARV";"obs_oezi";5;"0";"12";"706"
"MELARV";"obs_oezi";6;"0";"2";"375"
"MELARV";"obs_oezi";7;"0";"15";"590"
"MELARV";"obs_oezi";8;"60";"0";"319"
"MELARV";"obs_oezi";9;"0";"4";"350"
"MELARV";"obs_oezi";10;"0";"7";"797"
"MELARV";"obs_ufnn";1;"0";"12";"1610"
"MELARV";"obs_ufnn";2;"0";"18";"1257"
"MELARV";"obs_ufnn";3;"8";"1";"487"
"MELARV";"obs_ufnn";4;"0";"15";"1183"
"MELARV";"obs_ufnn";5;"0";"18";"748"
"MELARV";"obs_ufnn";6;"0";"5";"474"
"MELARV";"obs_ufnn";7;"0";"9";"667"
"MELARV";"obs_ufnn";8;"70";"0";"540"
"MELARV";"obs_ufnn";9;"0";"5";"567"
"MELARV";"obs_ufnn";10;"0";"10";"1020"
"MELARV";"obs_nowb";1;"0";"8";"884"
"MELARV";"obs_nowb";2;"0";"20";"1072"
"MELARV";"obs_nowb";3;"33";"1";"293"
"MELARV";"obs_nowb";4;"1";"10";"848"
"MELARV";"obs_nowb";5;"0";"20";"492"
"MELARV";"obs_nowb";6;"0";"3";"350"
"MELARV";"obs_nowb";7;"0";"10";"395"
"MELARV";"obs_nowb";8;"53";"0";"353"
"MELARV";"obs_nowb";9;"0";"5";"379"
"MELARV";"obs_nowb";10;"0";"3";"632"
"MELARV";"obs_asyh";1;"0";"18";"1505"
"MELARV";"obs_asyh";2;"0";"24";"1400"
"MELARV";"obs_asyh";3;"5";"4";"413"
"MELARV";"obs_asyh";4;"0";"12";"1264"
"MELARV";"obs_asyh";5;"0";"14";"690"
"MELARV";"obs_asyh";6;"0";"4";"690"
"MELARV";"obs_asyh";7;"0";"16";"884"
"MELARV";"obs_asyh";8;"90";"0";"510"
"MELARV";"obs_asyh";9;"0";"12";"567"
"MELARV";"obs_asyh";10;"0";"15";"1116"
"MELARV";"obs_svrr";1;"1";"21";"665"
"MELARV";"obs_svrr";2;"1";"29";"670"
"MELARV";"obs_svrr";3;"4";"5";"270"
"MELARV";"obs_svrr";4;"1";"30";"630"
"MELARV";"obs_svrr";5;"0";"13";"375"
"MELARV";"obs_svrr";6;"1";"6";"260"
"MELARV";"obs_svrr";7;"1";"20";"390"
"MELARV";"obs_svrr";8;"40";"0.5";"280"
"MELARV";"obs_svrr";9;"1";"7";"225"
"MELARV";"obs_svrr";10;"1";"8";"340"
"MELARV";"obs_diaf";1;"0";"20";"930"
"MELARV";"obs_diaf";2;"0";"60";"1001"
"MELARV";"obs_diaf";3;"75";"0";"451"
"MELARV";"obs_diaf";4;"0";"45";"792"
"MELARV";"obs_diaf";5;"0";"35";"727"
"MELARV";"obs_diaf";6;"0";"7";"452"
"MELARV";"obs_diaf";7;"0";"20";"520"
"MELARV";"obs_diaf";8;"45";"0";"314"
"MELARV";"obs_diaf";9;"0";"12";"521"
"MELARV";"obs_diaf";10;"0";"10";"550"
"MELARV";"obs_splw";1;"0";"21";"1035"
"MELARV";"obs_splw";2;"0";"30";"1180"
"MELARV";"obs_splw";3;"0";"2";"489"
"MELARV";"obs_splw";4;"0";"10";"860"
"MELARV";"obs_splw";5;"0";"21";"495"
"MELARV";"obs_splw";6;"0";"3";"340"
"MELARV";"obs_splw";7;"0";"22";"427"
"MELARV";"obs_splw";8;"76";"0.5";"478"
"MELARV";"obs_splw";9;"0";"3";"318"
"MELARV";"obs_splw";10;"0";"7";"846"
"MELARV";"obs_llbr";1;"0";"54";"1470"
"MELARV";"obs_llbr";2;"0";"65";"1040"
"MELARV";"obs_llbr";3;"25";"3";"852"
"MELARV";"obs_llbr";4;"0";"53";"1230"
"MELARV";"obs_llbr";5;"0";"42";"746"
"MELARV";"obs_llbr";6;"0";"18";"636"
"MELARV";"obs_llbr";7;"0";"37";"608"
"MELARV";"obs_llbr";8;"120";"0";"771"
"MELARV";"obs_llbr";9;"0";"12";"749"
"MELARV";"obs_llbr";10;"0";"24";"1384"
"VERCHA";"obs_gvxj";1;"1";"1";"677"
"VERCHA";"obs_gvxj";2;"1";"10";"848"
"VERCHA";"obs_gvxj";3;"7";"1";"353"
"VERCHA";"obs_gvxj";4;"2";"8";"1445"
"VERCHA";"obs_gvxj";5;"1";"8";"898"
"VERCHA";"obs_gvxj";6;"1";"2";"930"
"VERCHA";"obs_gvxj";7;"3";"6";"615"
"VERCHA";"obs_gvxj";8;"120";"0";"429"
"VERCHA";"obs_gvxj";9;"2";"1";"625"
"VERCHA";"obs_gvxj";10;"1";"0.5";"319"
"VERCHA";"obs_lhdt";1;"1";"30";"560"
"VERCHA";"obs_lhdt";2;"1";"75";"550"
"VERCHA";"obs_lhdt";3;"13";"3";"320"
"VERCHA";"obs_lhdt";4;"2";"35";"2000"
"VERCHA";"obs_lhdt";5;"2";"25";"914"
"VERCHA";"obs_lhdt";6;"16";"4";"818"
"VERCHA";"obs_lhdt";7;"2";"9";"591"
"VERCHA";"obs_lhdt";8;"30";"0";"221"
"VERCHA";"obs_lhdt";9;"1";"3";"600"
"VERCHA";"obs_lhdt";10;"1";"1";"370"
"VERCHA";"obs_khjz";1;"2";"10";"600"
"VERCHA";"obs_khjz";2;"1";"25";"691"
"VERCHA";"obs_khjz";3;"24";"1";"316"
"VERCHA";"obs_khjz";4;"1";"25";"1587"
"VERCHA";"obs_khjz";5;"2";"15";"1370"
"VERCHA";"obs_khjz";6;"11";"0.5";"330"
"VERCHA";"obs_khjz";7;"5";"10";"1096"
"VERCHA";"obs_khjz";8;"60";"0";"283"
"VERCHA";"obs_khjz";9;"8";"5";"599"
"VERCHA";"obs_khjz";10;"2";"0.5";"350"
"VERCHA";"obs_zyls";1;"0";"2";"1008"
"VERCHA";"obs_zyls";2;"0";"6";"1128"
"VERCHA";"obs_zyls";3;"5";"1";"793"
"VERCHA";"obs_zyls";4;"0";"5";"1418"
"VERCHA";"obs_zyls";5;"0";"4";"728"
"VERCHA";"obs_zyls";6;"0";"1";"701"
"VERCHA";"obs_zyls";7;"5";"5";"580"
"VERCHA";"obs_zyls";8;"120";"0";"710"
"VERCHA";"obs_zyls";9;"1";"3";"779"
"VERCHA";"obs_zyls";10;"0";"1";"1028"
"VERCHA";"obs_vypj";1;"0";"10";"970"
"VERCHA";"obs_vypj";2;"0";"20";"1225"
"VERCHA";"obs_vypj";3;"13";"0.5";"345"
"VERCHA";"obs_vypj";4;"0";"8";"1070"
"VERCHA";"obs_vypj";5;"0";"10";"862"
"VERCHA";"obs_vypj";6;"6";"0.5";"690"
"VERCHA";"obs_vypj";7;"0";"10";"802"
"VERCHA";"obs_vypj";8;"20";"0";"316"
"VERCHA";"obs_vypj";9;"0";"3";"662"
"VERCHA";"obs_vypj";10;"2";"1";"560"
"LIMNAR";"obs_eulm";1;"0";"13";"375"
"LIMNAR";"obs_eulm";2;"0";"51";NA
"LIMNAR";"obs_eulm";3;"12";"4";NA
"LIMNAR";"obs_eulm";4;"0";"22";"301"
"LIMNAR";"obs_eulm";5;"0";"5";"270"
"LIMNAR";"obs_eulm";6;"3";"13";NA
"LIMNAR";"obs_eulm";7;"0";"75";"629"
"LIMNAR";"obs_eulm";8;"9";"1";NA
"LIMNAR";"obs_eulm";9;"0";"51";"687"
"LIMNAR";"obs_eulm";10;"0";"18";"288"
"LIMNAR";"obs_ntol";1;"0";"12";"493"
"LIMNAR";"obs_ntol";2;"0";"28";"430"
"LIMNAR";"obs_ntol";3;"10";"0.5";"488"
"LIMNAR";"obs_ntol";4;"2";"12";"930"
"LIMNAR";"obs_ntol";5;"2";"4";"608"
"LIMNAR";"obs_ntol";6;"2";"1";"955"
"LIMNAR";"obs_ntol";7;"0";"31";"990"
"LIMNAR";"obs_ntol";8;NA;"0";"197"
"LIMNAR";"obs_ntol";9;"0";"50";"669"
"LIMNAR";"obs_ntol";10;"0";"8";"500"
"LIMNAR";"obs_sqbm";1;"0";"10";"367"
"LIMNAR";"obs_sqbm";2;"0";"30";"671"
"LIMNAR";"obs_sqbm";3;"30";"1";"100"
"LIMNAR";"obs_sqbm";4;"0";"20";"420"
"LIMNAR";"obs_sqbm";5;"0";"7";"330"
"LIMNAR";"obs_sqbm";6;"0";"5";"627"
"LIMNAR";"obs_sqbm";7;"0";"40";"886"
"LIMNAR";"obs_sqbm";8;"30";"0";"112"
"LIMNAR";"obs_sqbm";9;"0";"35";"820"
"LIMNAR";"obs_sqbm";10;"0";"6";"367"
"LIMNAR";"obs_sjag";1;"0";"15";"1044"
"LIMNAR";"obs_sjag";2;"0";"25";"957"
"LIMNAR";"obs_sjag";3;"3";"0.5";"1660"
"LIMNAR";"obs_sjag";4;"0";"15";"900"
"LIMNAR";"obs_sjag";5;"0";"2";"1189"
"LIMNAR";"obs_sjag";6;"0";"2";"1200"
"LIMNAR";"obs_sjag";7;"0";"30";"972"
"LIMNAR";"obs_sjag";8;"7";"0.2";"372"
"LIMNAR";"obs_sjag";9;"0";"30";"900"
"LIMNAR";"obs_sjag";10;"0";"15";"960"
"LIMNAR";"obs_pmtg";1;"0";"10";"279"
"LIMNAR";"obs_pmtg";2;"1";"27";"544"
"LIMNAR";"obs_pmtg";3;"4";"3";"394"
"LIMNAR";"obs_pmtg";4;"0";"17";"336"
"LIMNAR";"obs_pmtg";5;"0";"6";"258"
"LIMNAR";"obs_pmtg";6;"1";"3";"510"
"LIMNAR";"obs_pmtg";7;"0";"53";"532"
"LIMNAR";"obs_pmtg";8;"8";"0";"155"
"LIMNAR";"obs_pmtg";9;"1";"12";"610"
"LIMNAR";"obs_pmtg";10;"1";"8";"264"
"ERIANN";"obs_cgkm";1;"0";"35";"327"
"ERIANN";"obs_cgkm";2;"0";"60";"719"
"ERIANN";"obs_cgkm";3;"0";"0";"0"
"ERIANN";"obs_cgkm";4;"0";"30";"725"
"ERIANN";"obs_cgkm";5;"0";"9";"197"
"ERIANN";"obs_cgkm";6;"0";"3";"337"
"ERIANN";"obs_cgkm";7;"0";"3";"143"
"ERIANN";"obs_cgkm";8;"0";"0";"0"
"ERIANN";"obs_cgkm";9;"0";"80";"716"
"ERIANN";"obs_cgkm";10;"0";"7";"359"
"ERIANN";"obs_lqps";1;"0";"35";"245"
"ERIANN";"obs_lqps";2;"0";"52";"431"
"ERIANN";"obs_lqps";3;"22";"0";"0"
"ERIANN";"obs_lqps";4;"0";"52";"375"
"ERIANN";"obs_lqps";5;"0";"8";"146"
"ERIANN";"obs_lqps";6;"0";"5";"175"
"ERIANN";"obs_lqps";7;"0";"5";"65"
"ERIANN";"obs_lqps";8;"0";"0";"0"
"ERIANN";"obs_lqps";9;"0";"63";"576"
"ERIANN";"obs_lqps";10;"0";"8";"146"
"ERIANN";"obs_ppmb";1;"0";"15";"275"
"ERIANN";"obs_ppmb";2;"0";"26";"690"
"ERIANN";"obs_ppmb";3;"7";"0";"12"
"ERIANN";"obs_ppmb";4;"0";"28";"500"
"ERIANN";"obs_ppmb";5;"0";"10";"270"
"ERIANN";"obs_ppmb";6;"0";"8";"734"
"ERIANN";"obs_ppmb";7;"0";"3";"210"
"ERIANN";"obs_ppmb";8;"3";"0";"20"
"ERIANN";"obs_ppmb";9;"0";"47";"634"
"ERIANN";"obs_ppmb";10;"0";"4";"200"
"ERIANN";"obs_owlx";1;"0";"40";"608"
"ERIANN";"obs_owlx";2;"0";"60";"784"
"ERIANN";"obs_owlx";3;"12";"0";"4"
"ERIANN";"obs_owlx";4;"0";"70";"1047"
"ERIANN";"obs_owlx";5;"0";"15";"207"
"ERIANN";"obs_owlx";6;"0";"8";"278"
"ERIANN";"obs_owlx";7;"0";"20";"164"
"ERIANN";"obs_owlx";8;"5";"0";"2"
"ERIANN";"obs_owlx";9;"0";"80";"847"
"ERIANN";"obs_owlx";10;"0";"6";"693"
"ERIANN";"obs_hrjo";1;"1";"12";"330"
"ERIANN";"obs_hrjo";2;"1";"13";"600"
"ERIANN";"obs_hrjo";3;"120";"0";"0"
"ERIANN";"obs_hrjo";4;"0";"22";"455"
"ERIANN";"obs_hrjo";5;"0";"7";"210"
"ERIANN";"obs_hrjo";6;"0";"4";"252"
"ERIANN";"obs_hrjo";7;"0";"8";"108"
"ERIANN";"obs_hrjo";8;"120";"0";"0"
"ERIANN";"obs_hrjo";9;"0";"34";"460"
"ERIANN";"obs_hrjo";10;"3";"6";"382"
"AMBART";"obs_xhho";1;"0";"16";"265"
"AMBART";"obs_xhho";2;"0";"8";"185"
"AMBART";"obs_xhho";3;"40";"0";"26"
"AMBART";"obs_xhho";4;"0";"3";"132"
"AMBART";"obs_xhho";5;"0";"14";"256"
"AMBART";"obs_xhho";6;"0";"3";"264"
"AMBART";"obs_xhho";7;"0";"27";"530"
"AMBART";"obs_xhho";8;"30";"0";"20"
"AMBART";"obs_xhho";9;"0";"24";"510"
"AMBART";"obs_xhho";10;"0";"2";"150"
"AMBART";"obs_dglw";1;"0";"11";"250"
"AMBART";"obs_dglw";2;"0";"6";"157"
"AMBART";"obs_dglw";3;"30";"0";"30"
"AMBART";"obs_dglw";4;"0";"3";"73"
"AMBART";"obs_dglw";5;"0";"13";"290"
"AMBART";"obs_dglw";6;"0";"3";"236"
"AMBART";"obs_dglw";7;"0";"18";"473"
"AMBART";"obs_dglw";8;"30";"0";"20"
"AMBART";"obs_dglw";9;"0";"16";"820"
"AMBART";"obs_dglw";10;"0";"5";"170"
"AMBART";"obs_kgqc";1;"0";"13";"165"
"AMBART";"obs_kgqc";2;"0";"4";"130"
"AMBART";"obs_kgqc";3;"120";"0";"12"
"AMBART";"obs_kgqc";4;"2";"2";"61"
"AMBART";"obs_kgqc";5;"1";"11";"330"
"AMBART";"obs_kgqc";6;"0";"4";"87"
"AMBART";"obs_kgqc";7;"0";"29";"460"
"AMBART";"obs_kgqc";8;"20";"0";"25"
"AMBART";"obs_kgqc";9;"0";"19";"438"
"AMBART";"obs_kgqc";10;"0";"4";"67"
"AMBART";"obs_jxbn";1;"0";"8";"206"
"AMBART";"obs_jxbn";2;"0";"6";"192"
"AMBART";"obs_jxbn";3;"43";"0";"15"
"AMBART";"obs_jxbn";4;"0";"2";"164"
"AMBART";"obs_jxbn";5;"0";"16";"434"
"AMBART";"obs_jxbn";6;"0";"4";"132"
"AMBART";"obs_jxbn";7;"0";"25";"362"
"AMBART";"obs_jxbn";8;"21";"0";"15"
"AMBART";"obs_jxbn";9;"0";"18";"382"
"AMBART";"obs_jxbn";10;"4";"2";"140"
"AMBART";"obs_gdvs";1;"1";"14";"506"
"AMBART";"obs_gdvs";2;"0";"9";"252"
"AMBART";"obs_gdvs";3;"9";"0";"61"
"AMBART";"obs_gdvs";4;"0";"5";"100"
"AMBART";"obs_gdvs";5;"0";"21";"321"
"AMBART";"obs_gdvs";6;"0";"5";"111"
"AMBART";"obs_gdvs";7;"0";"18";"509"
"AMBART";"obs_gdvs";8;"19";"0";"149"
"AMBART";"obs_gdvs";9;"0";"24";"808"
"AMBART";"obs_gdvs";10;"2";"4";"272"
"AMBART";"obs_aefg";1;"0";"11";"289"
"AMBART";"obs_aefg";2;"0";"9";"302"
"AMBART";"obs_aefg";3;"120";"0";"90"
"AMBART";"obs_aefg";4;"0";"2";"183"
"AMBART";"obs_aefg";5;"0";"16";"334"
"AMBART";"obs_aefg";6;"0";"4";"279"
"AMBART";"obs_aefg";7;"0";"15";"602"
"AMBART";"obs_aefg";8;"120";"0";"63"
"AMBART";"obs_aefg";9;"0";"19";"518"
"AMBART";"obs_aefg";10;"0";"4";"222"
"LIMGIR";"obs_twze";1;"0";"6";"450"
"LIMGIR";"obs_twze";2;"0";"1";"345"
"LIMGIR";"obs_twze";3;"2";"0.3";"60"
"LIMGIR";"obs_twze";4;"0";"3";"290"
"LIMGIR";"obs_twze";5;"1";"2";"145"
"LIMGIR";"obs_twze";6;"2";"1";"120"
"LIMGIR";"obs_twze";7;"0";"2";"390"
"LIMGIR";"obs_twze";8;"33";"0";"40"
"LIMGIR";"obs_twze";9;"0";"2";"150"
"LIMGIR";"obs_twze";10;"0";"2";"297"
"LIMGIR";"obs_rfen";1;"0";"0.8";"428"
"LIMGIR";"obs_rfen";2;"0";"7";"298"
"LIMGIR";"obs_rfen";3;"6";"0.1";"225"
"LIMGIR";"obs_rfen";4;"0";"2";"380"
"LIMGIR";"obs_rfen";5;"6";"0.1";"262"
"LIMGIR";"obs_rfen";6;"7";"0.2";"159"
"LIMGIR";"obs_rfen";7;"0";"0.8";"480"
"LIMGIR";"obs_rfen";8;"11";"0";"100"
"LIMGIR";"obs_rfen";9;"14";"0.4";"220"
"LIMGIR";"obs_rfen";10;"0";"0.4";"416"
"LIMGIR";"obs_yvfg";1;"0";"1.5";"536"
"LIMGIR";"obs_yvfg";2;"0";"0.3";"278"
"LIMGIR";"obs_yvfg";3;"0";"0.1";"119"
"LIMGIR";"obs_yvfg";4;"0";"1";"690"
"LIMGIR";"obs_yvfg";5;"0";"0.5";"189"
"LIMGIR";"obs_yvfg";6;"0";"0.3";"177"
"LIMGIR";"obs_yvfg";7;"0";"1";"733"
"LIMGIR";"obs_yvfg";8;"5";"0";"25"
"LIMGIR";"obs_yvfg";9;"0";"0.3";"187"
"LIMGIR";"obs_yvfg";10;"0";"0.1";"346"
"LIMGIR";"obs_yuly";1;"1";"20";"275"
"LIMGIR";"obs_yuly";2;"2";"3";"125"
"LIMGIR";"obs_yuly";3;"1";"0.75";"50"
"LIMGIR";"obs_yuly";4;"1";"10";"146"
"LIMGIR";"obs_yuly";5;"1";"1.5";"130"
"LIMGIR";"obs_yuly";6;"1";"1";"201"
"LIMGIR";"obs_yuly";7;"2";"4";"540"
"LIMGIR";"obs_yuly";8;NA;"0";"20"
"LIMGIR";"obs_yuly";9;"1";"2";"90"
"LIMGIR";"obs_yuly";10;"1";"4";"260"
"LIMGIR";"obs_zkxe";1;"0";"15";"421"
"LIMGIR";"obs_zkxe";2;"0";"10";"258"
"LIMGIR";"obs_zkxe";3;"1";"0.1";"70"
"LIMGIR";"obs_zkxe";4;"0";"10";"338"
"LIMGIR";"obs_zkxe";5;"0";"3";"151"
"LIMGIR";"obs_zkxe";6;"0";"8";"150"
"LIMGIR";"obs_zkxe";7;"0";"1";"709"
"LIMGIR";"obs_zkxe";8;"1";"0";"28"
"LIMGIR";"obs_zkxe";9;"1";"3";"155"
"LIMGIR";"obs_zkxe";10;"0";"5";"432"
"LIMGIR";"obs_aupj";1;"0";"2";"750"
"LIMGIR";"obs_aupj";2;"0";"0.3";"246"
"LIMGIR";"obs_aupj";3;"0";"0.1";"84"
"LIMGIR";"obs_aupj";4;"0";"0.9";"536"
"LIMGIR";"obs_aupj";5;"0";"0.2";"237"
"LIMGIR";"obs_aupj";6;"0";"0.2";"150"
"LIMGIR";"obs_aupj";7;"0";"1";"677"
"LIMGIR";"obs_aupj";8;"13";"0";"27"
"LIMGIR";"obs_aupj";9;"0";"0.9";"318"
"LIMGIR";"obs_aupj";10;"0";"0.7";"334"
"EUPPEP2";"obs_yvfg";1;"0";"0.3";"127"
"EUPPEP2";"obs_yvfg";2;"0";"0.9";"266"
"EUPPEP2";"obs_yvfg";3;"6";"0";"15"
"EUPPEP2";"obs_yvfg";4;"0";"0.2";"234"
"EUPPEP2";"obs_yvfg";5;"0";"0.2";"150"
"EUPPEP2";"obs_yvfg";6;"0";"1";"142"
"EUPPEP2";"obs_yvfg";7;"0";"1.2";"405"
"EUPPEP2";"obs_yvfg";8;"0";"0.1";"189"
"EUPPEP2";"obs_yvfg";9;"0";"0.4";"266"
"EUPPEP2";"obs_yvfg";10;"0";"0.5";"156"
"EUPPEP2";"obs_ugmx";1;"0";"0.1";"72"
"EUPPEP2";"obs_ugmx";2;"0";"2";"298"
"EUPPEP2";"obs_ugmx";3;NA;"0";"91"
"EUPPEP2";"obs_ugmx";4;"0";"0.5";"125"
"EUPPEP2";"obs_ugmx";5;"0";"0.5";"121"
"EUPPEP2";"obs_ugmx";6;"0";"1";"88"
"EUPPEP2";"obs_ugmx";7;"0";"1";"314"
"EUPPEP2";"obs_ugmx";8;"0";"0.2";"141"
"EUPPEP2";"obs_ugmx";9;"0";"0.6";"193"
"EUPPEP2";"obs_ugmx";10;"0";"0.4";"139"
"EUPPEP2";"obs_ufdr";1;"2";"1.1";"63"
"EUPPEP2";"obs_ufdr";2;"0";"7";"254"
"EUPPEP2";"obs_ufdr";3;"30";"0";"61"
"EUPPEP2";"obs_ufdr";4;"0";"1.7";"167"
"EUPPEP2";"obs_ufdr";5;"0";"2";"88"
"EUPPEP2";"obs_ufdr";6;"0";"3";"170"
"EUPPEP2";"obs_ufdr";7;"0";"5";"301"
"EUPPEP2";"obs_ufdr";8;"0";"1.5";"141"
"EUPPEP2";"obs_ufdr";9;"0";"3";"221"
"EUPPEP2";"obs_ufdr";10;"0";"5";"137"
"EUPPEP2";"obs_jsrp";1;"0.4";"2";"90"
"EUPPEP2";"obs_jsrp";2;"0";"15";"384"
"EUPPEP2";"obs_jsrp";3;NA;"0";"66"
"EUPPEP2";"obs_jsrp";4;"0.2";"7";"140"
"EUPPEP2";"obs_jsrp";5;"0";"7";"163"
"EUPPEP2";"obs_jsrp";6;"0";"5";"90"
"EUPPEP2";"obs_jsrp";7;"0";"9";"295"
"EUPPEP2";"obs_jsrp";8;"0.3";"4";"125"
"EUPPEP2";"obs_jsrp";9;"0";"8";"175"
"EUPPEP2";"obs_jsrp";10;"0";"5";"154"
"EUPPEP2";"obs_asix";1;"5";"1";"110"
"EUPPEP2";"obs_asix";2;"1";"6";"427"
"EUPPEP2";"obs_asix";3;"30";"0";"115"
"EUPPEP2";"obs_asix";4;"1";"3";"230"
"EUPPEP2";"obs_asix";5;"1";"3";"120"
"EUPPEP2";"obs_asix";6;"1";"6";"147"
"EUPPEP2";"obs_asix";7;"1";"20";"516"
"EUPPEP2";"obs_asix";8;"2";"3";"160"
"EUPPEP2";"obs_asix";9;"1";"8";"258"
"EUPPEP2";"obs_asix";10;"1";"5";"175"
"EUPPEP2";"obs_aupj";1;"0";"0.2";"79"
"EUPPEP2";"obs_aupj";2;"0";"2";"330"
"EUPPEP2";"obs_aupj";3;"0";"0";"27"
"EUPPEP2";"obs_aupj";4;"0";"0.5";"200"
"EUPPEP2";"obs_aupj";5;"0";"0.8";"173"
"EUPPEP2";"obs_aupj";6;"0";"3";"178"
"EUPPEP2";"obs_aupj";7;"0";"1";"269"
"EUPPEP2";"obs_aupj";8;"0";"0.5";"169"
"EUPPEP2";"obs_aupj";9;"0";"1";"191"
"EUPPEP2";"obs_aupj";10;"0";"1";"195"
"EUPPEP2";"obs_thsa";1;"2";"2";"135"
"EUPPEP2";"obs_thsa";2;"1";"7";"345"
"EUPPEP2";"obs_thsa";3;"120";"0";"60"
"EUPPEP2";"obs_thsa";4;"2";"3";"123"
"EUPPEP2";"obs_thsa";5;"1";"3";"107"
"EUPPEP2";"obs_thsa";6;"1";"5";"68"
"EUPPEP2";"obs_thsa";7;"1";"10";"290"
"EUPPEP2";"obs_thsa";8;"1";"2";"130"
"EUPPEP2";"obs_thsa";9;"4";"5";"185"
"EUPPEP2";"obs_thsa";10;"1";"4";"120"
"EPIAPH";"obs_btow";1;"0";"0.3";"105"
"EPIAPH";"obs_btow";2;"0";"0.3";"80"
"EPIAPH";"obs_btow";3;"30";"0";"34"
"EPIAPH";"obs_btow";4;"0";"3";"230"
"EPIAPH";"obs_btow";5;"0";"0.4";"120"
"EPIAPH";"obs_btow";6;"1";"0.1";"110"
"EPIAPH";"obs_btow";7;"2";"0.2";"70"
"EPIAPH";"obs_btow";8;"38";"0";"70"
"EPIAPH";"obs_btow";9;"0";"0.2";"90"
"EPIAPH";"obs_btow";10;"0";"0.15";"45"
"EPIAPH";"obs_qigp";1;"0";"0.15";"40"
"EPIAPH";"obs_qigp";2;"0";"0.2";"57"
"EPIAPH";"obs_qigp";3;"24";"0";"9"
"EPIAPH";"obs_qigp";4;"0";"2";"200"
"EPIAPH";"obs_qigp";5;"0";"0.2";"95"
"EPIAPH";"obs_qigp";6;"0";"0.1";"18"
"EPIAPH";"obs_qigp";7;"8";"0.1";"11"
"EPIAPH";"obs_qigp";8;"18";"0";"12"
"EPIAPH";"obs_qigp";9;"2";"0.1";"38"
"EPIAPH";"obs_qigp";10;"0";"0.1";"9"
"EPIAPH";"obs_afyw";1;"1";"0.1";"60"
"EPIAPH";"obs_afyw";2;"0";"0.5";"85"
"EPIAPH";"obs_afyw";3;"10";"0";"60"
"EPIAPH";"obs_afyw";4;"0";"5";"315"
"EPIAPH";"obs_afyw";5;"0";"0.6";"52"
"EPIAPH";"obs_afyw";6;"2";"0.2";"125"
"EPIAPH";"obs_afyw";7;"2";"0.3";"40"
"EPIAPH";"obs_afyw";8;"30";"0";"43"
"EPIAPH";"obs_afyw";9;"1";"0.4";"62"
"EPIAPH";"obs_afyw";10;"0";"0.2";"45"
"EPIAPH";"obs_citm";1;"0";"0.5";"40"
"EPIAPH";"obs_citm";2;"0";"1";"55"
"EPIAPH";"obs_citm";3;"1";"0";"60"
"EPIAPH";"obs_citm";4;"0";"2";"210"
"EPIAPH";"obs_citm";5;"0";"2";"90"
"EPIAPH";"obs_citm";6;"0";"0.5";"55"
"EPIAPH";"obs_citm";7;"0";"0.5";"71"
"EPIAPH";"obs_citm";8;"90";"0";"60"
"EPIAPH";"obs_citm";9;"0";"0.5";"40"
"EPIAPH";"obs_citm";10;"0";"0.5";"48"
"EPIAPH";"obs_ujsl";1;"0";"0.5";"52"
"EPIAPH";"obs_ujsl";2;"0";"0.7";"91"
"EPIAPH";"obs_ujsl";3;"34";"0";"55"
"EPIAPH";"obs_ujsl";4;"0";"15";"325"
"EPIAPH";"obs_ujsl";5;"0";"0.5";"145"
"EPIAPH";"obs_ujsl";6;"0";"0.3";"147"
"EPIAPH";"obs_ujsl";7;"0";"0.5";"73"
"EPIAPH";"obs_ujsl";8;"83";"0";"42"
"EPIAPH";"obs_ujsl";9;"0";"0.5";"136"
"EPIAPH";"obs_ujsl";10;"0";"0.5";"60"
"EPIAPH";"obs_avas";1;"0";"0.3";"41"
"EPIAPH";"obs_avas";2;"0";"1";"63"
"EPIAPH";"obs_avas";3;"15";"0";"32"
"EPIAPH";"obs_avas";4;"0";"3";"147"
"EPIAPH";"obs_avas";5;"0";"1";"78"
"EPIAPH";"obs_avas";6;"0";"0.3";"25"
"EPIAPH";"obs_avas";7;"4";"0.3";"30"
"EPIAPH";"obs_avas";8;"30";"0";"65"
"EPIAPH";"obs_avas";9;"0";"0.2";"41"
"EPIAPH";"obs_avas";10;"0";"0.3";"24"
