"species";"obs_id";"quadrat_num";"quadrat_order_30s";"quadrat_order_1m";"quadrat_order_cells"
"PLALAN";"obs_xdtr";"quadrat1";1;5;9
"PLALAN";"obs_xdtr";"quadrat2";2;6;1
"PLALAN";"obs_xdtr";"quadrat3";3;4;7
"PLALAN";"obs_xdtr";"quadrat4";4;8;3
"PLALAN";"obs_xdtr";"quadrat5";5;3;6
"PLALAN";"obs_xdtr";"quadrat6";6;9;4
"PLALAN";"obs_xdtr";"quadrat7";7;7;5
"PLALAN";"obs_xdtr";"quadrat8";8;1;10
"PLALAN";"obs_xdtr";"quadrat9";9;10;2
"PLALAN";"obs_xdtr";"quadrat10";10;2;8
"PLALAN";"obs_sjfy";"quadrat1";10;4;8
"PLALAN";"obs_sjfy";"quadrat2";1;5;10
"PLALAN";"obs_sjfy";"quadrat3";2;3;6
"PLALAN";"obs_sjfy";"quadrat4";3;7;2
"PLALAN";"obs_sjfy";"quadrat5";4;2;5
"PLALAN";"obs_sjfy";"quadrat6";5;8;3
"PLALAN";"obs_sjfy";"quadrat7";6;6;4
"PLALAN";"obs_sjfy";"quadrat8";7;10;9
"PLALAN";"obs_sjfy";"quadrat9";8;9;1
"PLALAN";"obs_sjfy";"quadrat10";9;1;7
"PLALAN";"obs_jdpu";"quadrat1";9;3;7
"PLALAN";"obs_jdpu";"quadrat2";10;4;9
"PLALAN";"obs_jdpu";"quadrat3";1;2;5
"PLALAN";"obs_jdpu";"quadrat4";2;6;1
"PLALAN";"obs_jdpu";"quadrat5";3;1;4
"PLALAN";"obs_jdpu";"quadrat6";4;7;2
"PLALAN";"obs_jdpu";"quadrat7";5;5;3
"PLALAN";"obs_jdpu";"quadrat8";6;9;8
"PLALAN";"obs_jdpu";"quadrat9";7;8;10
"PLALAN";"obs_jdpu";"quadrat10";8;10;6
"PLALAN";"obs_xbmp";"quadrat1";7;1;5
"PLALAN";"obs_xbmp";"quadrat2";8;2;7
"PLALAN";"obs_xbmp";"quadrat3";9;10;3
"PLALAN";"obs_xbmp";"quadrat4";10;4;9
"PLALAN";"obs_xbmp";"quadrat5";1;9;2
"PLALAN";"obs_xbmp";"quadrat6";2;5;10
"PLALAN";"obs_xbmp";"quadrat7";3;3;1
"PLALAN";"obs_xbmp";"quadrat8";4;7;6
"PLALAN";"obs_xbmp";"quadrat9";5;6;8
"PLALAN";"obs_xbmp";"quadrat10";6;8;4
"PLALAN";"obs_ikoz";"quadrat1";5;9;3
"PLALAN";"obs_ikoz";"quadrat2";6;10;5
"PLALAN";"obs_ikoz";"quadrat3";7;8;1
"PLALAN";"obs_ikoz";"quadrat4";8;2;7
"PLALAN";"obs_ikoz";"quadrat5";9;7;10
"PLALAN";"obs_ikoz";"quadrat6";10;3;8
"PLALAN";"obs_ikoz";"quadrat7";1;1;9
"PLALAN";"obs_ikoz";"quadrat8";2;5;4
"PLALAN";"obs_ikoz";"quadrat9";3;4;6
"PLALAN";"obs_ikoz";"quadrat10";4;6;2
"PLALAN";"obs_ntdg";"quadrat1";3;7;1
"PLALAN";"obs_ntdg";"quadrat2";4;8;3
"PLALAN";"obs_ntdg";"quadrat3";5;6;9
"PLALAN";"obs_ntdg";"quadrat4";6;10;5
"PLALAN";"obs_ntdg";"quadrat5";7;5;8
"PLALAN";"obs_ntdg";"quadrat6";8;1;6
"PLALAN";"obs_ntdg";"quadrat7";9;9;7
"PLALAN";"obs_ntdg";"quadrat8";10;3;2
"PLALAN";"obs_ntdg";"quadrat9";1;2;4
"PLALAN";"obs_ntdg";"quadrat10";2;4;10
"ALLsp";"obs_bqiy";"quadrat1";1;5;9
"ALLsp";"obs_bqiy";"quadrat2";2;6;1
"ALLsp";"obs_bqiy";"quadrat3";3;4;7
"ALLsp";"obs_bqiy";"quadrat4";4;8;3
"ALLsp";"obs_bqiy";"quadrat5";5;3;6
"ALLsp";"obs_bqiy";"quadrat6";6;9;4
"ALLsp";"obs_bqiy";"quadrat7";7;7;5
"ALLsp";"obs_bqiy";"quadrat8";8;1;10
"ALLsp";"obs_bqiy";"quadrat9";9;10;2
"ALLsp";"obs_bqiy";"quadrat10";10;2;8
"ALLsp";"obs_pimm";"quadrat1";9;3;7
"ALLsp";"obs_pimm";"quadrat2";10;4;9
"ALLsp";"obs_pimm";"quadrat3";1;2;5
"ALLsp";"obs_pimm";"quadrat4";2;6;1
"ALLsp";"obs_pimm";"quadrat5";3;1;4
"ALLsp";"obs_pimm";"quadrat6";4;7;2
"ALLsp";"obs_pimm";"quadrat7";5;5;3
"ALLsp";"obs_pimm";"quadrat8";6;9;8
"ALLsp";"obs_pimm";"quadrat9";7;8;10
"ALLsp";"obs_pimm";"quadrat10";8;10;6
"ALLsp";"obs_jaho";"quadrat1";7;1;5
"ALLsp";"obs_jaho";"quadrat2";8;2;7
"ALLsp";"obs_jaho";"quadrat3";9;10;3
"ALLsp";"obs_jaho";"quadrat4";10;4;9
"ALLsp";"obs_jaho";"quadrat5";1;9;2
"ALLsp";"obs_jaho";"quadrat6";2;5;10
"ALLsp";"obs_jaho";"quadrat7";3;3;1
"ALLsp";"obs_jaho";"quadrat8";4;7;6
"ALLsp";"obs_jaho";"quadrat9";5;6;8
"ALLsp";"obs_jaho";"quadrat10";6;8;4
"ALLsp";"obs_oxup";"quadrat1";5;9;3
"ALLsp";"obs_oxup";"quadrat2";6;10;5
"ALLsp";"obs_oxup";"quadrat3";7;8;1
"ALLsp";"obs_oxup";"quadrat4";8;2;7
"ALLsp";"obs_oxup";"quadrat5";9;7;10
"ALLsp";"obs_oxup";"quadrat6";10;3;8
"ALLsp";"obs_oxup";"quadrat7";1;1;9
"ALLsp";"obs_oxup";"quadrat8";2;5;4
"ALLsp";"obs_oxup";"quadrat9";3;4;6
"ALLsp";"obs_oxup";"quadrat10";4;6;2
"ALLsp";"obs_hnes";"quadrat1";3;7;1
"ALLsp";"obs_hnes";"quadrat2";4;8;3
"ALLsp";"obs_hnes";"quadrat3";5;6;9
"ALLsp";"obs_hnes";"quadrat4";6;10;5
"ALLsp";"obs_hnes";"quadrat5";7;5;8
"ALLsp";"obs_hnes";"quadrat6";8;1;6
"ALLsp";"obs_hnes";"quadrat7";9;9;7
"ALLsp";"obs_hnes";"quadrat8";10;3;2
"ALLsp";"obs_hnes";"quadrat9";1;2;4
"ALLsp";"obs_hnes";"quadrat10";2;4;10
"CALARV2";"obs_pizh";"quadrat1";1;5;9
"CALARV2";"obs_pizh";"quadrat2";2;6;1
"CALARV2";"obs_pizh";"quadrat3";3;4;7
"CALARV2";"obs_pizh";"quadrat4";4;8;3
"CALARV2";"obs_pizh";"quadrat5";5;3;6
"CALARV2";"obs_pizh";"quadrat6";6;9;4
"CALARV2";"obs_pizh";"quadrat7";7;7;5
"CALARV2";"obs_pizh";"quadrat8";8;1;10
"CALARV2";"obs_pizh";"quadrat9";9;10;2
"CALARV2";"obs_pizh";"quadrat10";10;2;8
"CALARV2";"obs_cdgr";"quadrat1";9;3;7
"CALARV2";"obs_cdgr";"quadrat2";10;4;9
"CALARV2";"obs_cdgr";"quadrat3";1;2;5
"CALARV2";"obs_cdgr";"quadrat4";2;6;1
"CALARV2";"obs_cdgr";"quadrat5";3;1;4
"CALARV2";"obs_cdgr";"quadrat6";4;7;2
"CALARV2";"obs_cdgr";"quadrat7";5;5;3
"CALARV2";"obs_cdgr";"quadrat8";6;9;8
"CALARV2";"obs_cdgr";"quadrat9";7;8;10
"CALARV2";"obs_cdgr";"quadrat10";8;10;6
"CALARV2";"obs_ohjn";"quadrat1";7;1;5
"CALARV2";"obs_ohjn";"quadrat2";8;2;7
"CALARV2";"obs_ohjn";"quadrat3";9;10;3
"CALARV2";"obs_ohjn";"quadrat4";10;4;9
"CALARV2";"obs_ohjn";"quadrat5";1;9;2
"CALARV2";"obs_ohjn";"quadrat6";2;5;10
"CALARV2";"obs_ohjn";"quadrat7";3;3;1
"CALARV2";"obs_ohjn";"quadrat8";4;7;6
"CALARV2";"obs_ohjn";"quadrat9";5;6;8
"CALARV2";"obs_ohjn";"quadrat10";6;8;4
"CALARV2";"obs_vduy";"quadrat1";5;9;3
"CALARV2";"obs_vduy";"quadrat2";6;10;5
"CALARV2";"obs_vduy";"quadrat3";7;8;1
"CALARV2";"obs_vduy";"quadrat4";8;2;7
"CALARV2";"obs_vduy";"quadrat5";9;7;10
"CALARV2";"obs_vduy";"quadrat6";10;3;8
"CALARV2";"obs_vduy";"quadrat7";1;1;9
"CALARV2";"obs_vduy";"quadrat8";2;5;4
"CALARV2";"obs_vduy";"quadrat9";3;4;6
"CALARV2";"obs_vduy";"quadrat10";4;6;2
"CALARV2";"obs_ilkl";"quadrat1";3;7;1
"CALARV2";"obs_ilkl";"quadrat2";4;8;3
"CALARV2";"obs_ilkl";"quadrat3";5;6;9
"CALARV2";"obs_ilkl";"quadrat4";6;10;5
"CALARV2";"obs_ilkl";"quadrat5";7;5;8
"CALARV2";"obs_ilkl";"quadrat6";8;1;6
"CALARV2";"obs_ilkl";"quadrat7";9;9;7
"CALARV2";"obs_ilkl";"quadrat8";10;3;2
"CALARV2";"obs_ilkl";"quadrat9";1;2;4
"CALARV2";"obs_ilkl";"quadrat10";2;4;10
"SANMIN";"obs_ocov";"quadrat1";1;5;9
"SANMIN";"obs_ocov";"quadrat2";2;6;1
"SANMIN";"obs_ocov";"quadrat3";3;4;7
"SANMIN";"obs_ocov";"quadrat4";4;8;3
"SANMIN";"obs_ocov";"quadrat5";5;3;6
"SANMIN";"obs_ocov";"quadrat6";6;9;4
"SANMIN";"obs_ocov";"quadrat7";7;7;5
"SANMIN";"obs_ocov";"quadrat8";8;1;10
"SANMIN";"obs_ocov";"quadrat9";9;10;2
"SANMIN";"obs_ocov";"quadrat10";10;2;8
"SANMIN";"obs_ycff";"quadrat1";9;3;7
"SANMIN";"obs_ycff";"quadrat2";10;4;9
"SANMIN";"obs_ycff";"quadrat3";1;2;5
"SANMIN";"obs_ycff";"quadrat4";2;6;1
"SANMIN";"obs_ycff";"quadrat5";3;1;4
"SANMIN";"obs_ycff";"quadrat6";4;7;2
"SANMIN";"obs_ycff";"quadrat7";5;5;3
"SANMIN";"obs_ycff";"quadrat8";6;9;8
"SANMIN";"obs_ycff";"quadrat9";7;8;10
"SANMIN";"obs_ycff";"quadrat10";8;10;6
"SANMIN";"obs_lcob";"quadrat1";7;1;5
"SANMIN";"obs_lcob";"quadrat2";8;2;7
"SANMIN";"obs_lcob";"quadrat3";9;10;3
"SANMIN";"obs_lcob";"quadrat4";10;4;9
"SANMIN";"obs_lcob";"quadrat5";1;9;2
"SANMIN";"obs_lcob";"quadrat6";2;5;10
"SANMIN";"obs_lcob";"quadrat7";3;3;1
"SANMIN";"obs_lcob";"quadrat8";4;7;6
"SANMIN";"obs_lcob";"quadrat9";5;6;8
"SANMIN";"obs_lcob";"quadrat10";6;8;4
"SANMIN";"obs_ywgi";"quadrat1";5;9;3
"SANMIN";"obs_ywgi";"quadrat2";6;10;8
"SANMIN";"obs_ywgi";"quadrat3";7;6;1
"SANMIN";"obs_ywgi";"quadrat4";8;2;5
"SANMIN";"obs_ywgi";"quadrat5";9;7;7
"SANMIN";"obs_ywgi";"quadrat6";10;3;6
"SANMIN";"obs_ywgi";"quadrat7";1;1;10
"SANMIN";"obs_ywgi";"quadrat8";2;5;4
"SANMIN";"obs_ywgi";"quadrat9";3;4;9
"SANMIN";"obs_ywgi";"quadrat10";4;8;2
"SANMIN";"obs_zvhn";"quadrat1";3;7;1
"SANMIN";"obs_zvhn";"quadrat2";4;8;3
"SANMIN";"obs_zvhn";"quadrat3";5;6;9
"SANMIN";"obs_zvhn";"quadrat4";6;10;5
"SANMIN";"obs_zvhn";"quadrat5";7;5;8
"SANMIN";"obs_zvhn";"quadrat6";8;1;6
"SANMIN";"obs_zvhn";"quadrat7";9;9;7
"SANMIN";"obs_zvhn";"quadrat8";10;3;2
"SANMIN";"obs_zvhn";"quadrat9";1;2;4
"SANMIN";"obs_zvhn";"quadrat10";2;4;10
"ALLCHA";"obs_autm";"quadrat1";1;5;9
"ALLCHA";"obs_autm";"quadrat2";2;6;1
"ALLCHA";"obs_autm";"quadrat3";3;4;7
"ALLCHA";"obs_autm";"quadrat4";4;8;3
"ALLCHA";"obs_autm";"quadrat5";5;3;6
"ALLCHA";"obs_autm";"quadrat6";6;9;4
"ALLCHA";"obs_autm";"quadrat7";7;7;5
"ALLCHA";"obs_autm";"quadrat8";8;1;10
"ALLCHA";"obs_autm";"quadrat9";9;10;2
"ALLCHA";"obs_autm";"quadrat10";10;2;8
"ALLCHA";"obs_fxsg";"quadrat1";8;2;6
"ALLCHA";"obs_fxsg";"quadrat2";9;3;8
"ALLCHA";"obs_fxsg";"quadrat3";10;1;4
"ALLCHA";"obs_fxsg";"quadrat4";1;5;10
"ALLCHA";"obs_fxsg";"quadrat5";2;10;3
"ALLCHA";"obs_fxsg";"quadrat6";3;6;1
"ALLCHA";"obs_fxsg";"quadrat7";4;4;2
"ALLCHA";"obs_fxsg";"quadrat8";5;8;7
"ALLCHA";"obs_fxsg";"quadrat9";6;7;9
"ALLCHA";"obs_fxsg";"quadrat10";7;9;5
"ALLCHA";"obs_dtwj";"quadrat1";7;1;5
"ALLCHA";"obs_dtwj";"quadrat2";8;2;7
"ALLCHA";"obs_dtwj";"quadrat3";9;10;3
"ALLCHA";"obs_dtwj";"quadrat4";10;4;9
"ALLCHA";"obs_dtwj";"quadrat5";1;9;2
"ALLCHA";"obs_dtwj";"quadrat6";2;5;10
"ALLCHA";"obs_dtwj";"quadrat7";3;3;1
"ALLCHA";"obs_dtwj";"quadrat8";4;7;6
"ALLCHA";"obs_dtwj";"quadrat9";5;6;8
"ALLCHA";"obs_dtwj";"quadrat10";6;8;4
"ALLCHA";"obs_bbyx";"quadrat1";6;10;4
"ALLCHA";"obs_bbyx";"quadrat2";7;1;6
"ALLCHA";"obs_bbyx";"quadrat3";8;9;2
"ALLCHA";"obs_bbyx";"quadrat4";9;3;8
"ALLCHA";"obs_bbyx";"quadrat5";10;8;1
"ALLCHA";"obs_bbyx";"quadrat6";1;4;9
"ALLCHA";"obs_bbyx";"quadrat7";2;2;10
"ALLCHA";"obs_bbyx";"quadrat8";3;6;5
"ALLCHA";"obs_bbyx";"quadrat9";4;5;7
"ALLCHA";"obs_bbyx";"quadrat10";5;7;3
"ALLCHA";"obs_hdbg";"quadrat1";5;9;3
"ALLCHA";"obs_hdbg";"quadrat2";6;10;5
"ALLCHA";"obs_hdbg";"quadrat3";7;8;1
"ALLCHA";"obs_hdbg";"quadrat4";8;2;7
"ALLCHA";"obs_hdbg";"quadrat5";9;7;10
"ALLCHA";"obs_hdbg";"quadrat6";10;3;8
"ALLCHA";"obs_hdbg";"quadrat7";1;1;9
"ALLCHA";"obs_hdbg";"quadrat8";2;5;4
"ALLCHA";"obs_hdbg";"quadrat9";3;4;6
"ALLCHA";"obs_hdbg";"quadrat10";4;6;2
"ALLCHA";"obs_peyb";"quadrat1";3;7;1
"ALLCHA";"obs_peyb";"quadrat2";4;8;3
"ALLCHA";"obs_peyb";"quadrat3";5;6;9
"ALLCHA";"obs_peyb";"quadrat4";6;10;5
"ALLCHA";"obs_peyb";"quadrat5";7;5;8
"ALLCHA";"obs_peyb";"quadrat6";8;1;6
"ALLCHA";"obs_peyb";"quadrat7";9;9;7
"ALLCHA";"obs_peyb";"quadrat8";10;3;2
"ALLCHA";"obs_peyb";"quadrat9";1;2;4
"ALLCHA";"obs_peyb";"quadrat10";2;4;10
"EUPHEL";"obs_ubmn";"quadrat1";1;5;9
"EUPHEL";"obs_ubmn";"quadrat2";2;6;1
"EUPHEL";"obs_ubmn";"quadrat3";3;4;7
"EUPHEL";"obs_ubmn";"quadrat4";4;8;3
"EUPHEL";"obs_ubmn";"quadrat5";5;3;6
"EUPHEL";"obs_ubmn";"quadrat6";6;9;4
"EUPHEL";"obs_ubmn";"quadrat7";7;7;5
"EUPHEL";"obs_ubmn";"quadrat8";8;1;10
"EUPHEL";"obs_ubmn";"quadrat9";9;10;2
"EUPHEL";"obs_ubmn";"quadrat10";10;2;8
"EUPHEL";"obs_adse";"quadrat1";9;3;7
"EUPHEL";"obs_adse";"quadrat2";10;4;9
"EUPHEL";"obs_adse";"quadrat3";1;2;5
"EUPHEL";"obs_adse";"quadrat4";2;6;1
"EUPHEL";"obs_adse";"quadrat5";3;1;4
"EUPHEL";"obs_adse";"quadrat6";4;7;2
"EUPHEL";"obs_adse";"quadrat7";5;5;3
"EUPHEL";"obs_adse";"quadrat8";6;9;8
"EUPHEL";"obs_adse";"quadrat9";7;8;10
"EUPHEL";"obs_adse";"quadrat10";8;10;6
"EUPHEL";"obs_navl";"quadrat1";7;1;5
"EUPHEL";"obs_navl";"quadrat2";8;2;7
"EUPHEL";"obs_navl";"quadrat3";9;10;3
"EUPHEL";"obs_navl";"quadrat4";10;4;9
"EUPHEL";"obs_navl";"quadrat5";1;9;2
"EUPHEL";"obs_navl";"quadrat6";2;5;10
"EUPHEL";"obs_navl";"quadrat7";3;3;1
"EUPHEL";"obs_navl";"quadrat8";4;7;6
"EUPHEL";"obs_navl";"quadrat9";5;6;8
"EUPHEL";"obs_navl";"quadrat10";6;8;4
"EUPHEL";"obs_jqda";"quadrat1";5;9;3
"EUPHEL";"obs_jqda";"quadrat2";6;10;5
"EUPHEL";"obs_jqda";"quadrat3";7;8;1
"EUPHEL";"obs_jqda";"quadrat4";8;2;7
"EUPHEL";"obs_jqda";"quadrat5";9;7;10
"EUPHEL";"obs_jqda";"quadrat6";10;3;8
"EUPHEL";"obs_jqda";"quadrat7";1;1;9
"EUPHEL";"obs_jqda";"quadrat8";2;5;4
"EUPHEL";"obs_jqda";"quadrat9";3;4;6
"EUPHEL";"obs_jqda";"quadrat10";4;6;2
"EUPHEL";"obs_lbev";"quadrat1";3;7;1
"EUPHEL";"obs_lbev";"quadrat2";4;8;3
"EUPHEL";"obs_lbev";"quadrat3";5;6;9
"EUPHEL";"obs_lbev";"quadrat4";6;10;5
"EUPHEL";"obs_lbev";"quadrat5";7;5;8
"EUPHEL";"obs_lbev";"quadrat6";8;1;6
"EUPHEL";"obs_lbev";"quadrat7";9;9;7
"EUPHEL";"obs_lbev";"quadrat8";10;3;2
"EUPHEL";"obs_lbev";"quadrat9";1;2;4
"EUPHEL";"obs_lbev";"quadrat10";2;4;10
"EROCIC";"obs_hdbg";"quadrat1";1;5;9
"EROCIC";"obs_hdbg";"quadrat2";2;6;1
"EROCIC";"obs_hdbg";"quadrat3";3;4;7
"EROCIC";"obs_hdbg";"quadrat4";4;8;3
"EROCIC";"obs_hdbg";"quadrat5";5;3;6
"EROCIC";"obs_hdbg";"quadrat6";6;9;4
"EROCIC";"obs_hdbg";"quadrat7";7;7;5
"EROCIC";"obs_hdbg";"quadrat8";8;1;10
"EROCIC";"obs_hdbg";"quadrat9";9;10;2
"EROCIC";"obs_hdbg";"quadrat10";10;2;8
"EROCIC";"obs_yllr";"quadrat1";10;4;8
"EROCIC";"obs_yllr";"quadrat2";1;5;10
"EROCIC";"obs_yllr";"quadrat3";2;3;6
"EROCIC";"obs_yllr";"quadrat4";3;7;2
"EROCIC";"obs_yllr";"quadrat5";4;2;5
"EROCIC";"obs_yllr";"quadrat6";5;8;3
"EROCIC";"obs_yllr";"quadrat7";6;6;4
"EROCIC";"obs_yllr";"quadrat8";7;10;9
"EROCIC";"obs_yllr";"quadrat9";8;9;1
"EROCIC";"obs_yllr";"quadrat10";9;1;7
"EROCIC";"obs_kyyn";"quadrat1";9;2;7
"EROCIC";"obs_kyyn";"quadrat2";10;4;9
"EROCIC";"obs_kyyn";"quadrat3";1;3;5
"EROCIC";"obs_kyyn";"quadrat4";2;6;1
"EROCIC";"obs_kyyn";"quadrat5";3;1;4
"EROCIC";"obs_kyyn";"quadrat6";4;7;2
"EROCIC";"obs_kyyn";"quadrat7";5;5;3
"EROCIC";"obs_kyyn";"quadrat8";6;9;8
"EROCIC";"obs_kyyn";"quadrat9";7;8;10
"EROCIC";"obs_kyyn";"quadrat10";8;10;6
"EROCIC";"obs_rbhv";"quadrat1";7;1;5
"EROCIC";"obs_rbhv";"quadrat2";8;2;7
"EROCIC";"obs_rbhv";"quadrat3";9;10;3
"EROCIC";"obs_rbhv";"quadrat4";10;4;9
"EROCIC";"obs_rbhv";"quadrat5";1;9;2
"EROCIC";"obs_rbhv";"quadrat6";2;5;10
"EROCIC";"obs_rbhv";"quadrat7";3;3;1
"EROCIC";"obs_rbhv";"quadrat8";4;7;6
"EROCIC";"obs_rbhv";"quadrat9";5;6;8
"EROCIC";"obs_rbhv";"quadrat10";6;8;4
"EROCIC";"obs_ohou";"quadrat1";5;9;3
"EROCIC";"obs_ohou";"quadrat2";6;10;5
"EROCIC";"obs_ohou";"quadrat3";7;8;1
"EROCIC";"obs_ohou";"quadrat4";8;2;7
"EROCIC";"obs_ohou";"quadrat5";9;7;10
"EROCIC";"obs_ohou";"quadrat6";10;3;8
"EROCIC";"obs_ohou";"quadrat7";1;1;9
"EROCIC";"obs_ohou";"quadrat8";2;5;4
"EROCIC";"obs_ohou";"quadrat9";3;4;6
"EROCIC";"obs_ohou";"quadrat10";4;6;2
"EROCIC";"obs_bqiy";"quadrat1";3;7;1
"EROCIC";"obs_bqiy";"quadrat2";4;8;3
"EROCIC";"obs_bqiy";"quadrat3";5;3;9
"EROCIC";"obs_bqiy";"quadrat4";6;10;5
"EROCIC";"obs_bqiy";"quadrat5";7;5;8
"EROCIC";"obs_bqiy";"quadrat6";8;1;6
"EROCIC";"obs_bqiy";"quadrat7";9;9;7
"EROCIC";"obs_bqiy";"quadrat8";10;6;2
"EROCIC";"obs_bqiy";"quadrat9";1;2;4
"EROCIC";"obs_bqiy";"quadrat10";2;4;10
"CHRALT";"obs_fxol";"quadrat1";1;5;9
"CHRALT";"obs_fxol";"quadrat2";2;6;1
"CHRALT";"obs_fxol";"quadrat3";3;4;7
"CHRALT";"obs_fxol";"quadrat4";4;8;3
"CHRALT";"obs_fxol";"quadrat5";5;3;6
"CHRALT";"obs_fxol";"quadrat6";6;9;4
"CHRALT";"obs_fxol";"quadrat7";7;7;5
"CHRALT";"obs_fxol";"quadrat8";8;1;10
"CHRALT";"obs_fxol";"quadrat9";9;10;2
"CHRALT";"obs_fxol";"quadrat10";10;2;8
"CHRALT";"obs_nfsc";"quadrat1";9;3;7
"CHRALT";"obs_nfsc";"quadrat2";10;4;9
"CHRALT";"obs_nfsc";"quadrat3";1;2;5
"CHRALT";"obs_nfsc";"quadrat4";2;6;1
"CHRALT";"obs_nfsc";"quadrat5";3;1;4
"CHRALT";"obs_nfsc";"quadrat6";4;7;2
"CHRALT";"obs_nfsc";"quadrat7";5;5;3
"CHRALT";"obs_nfsc";"quadrat8";6;9;8
"CHRALT";"obs_nfsc";"quadrat9";7;8;10
"CHRALT";"obs_nfsc";"quadrat10";8;10;6
"CHRALT";"obs_avas";"quadrat1";7;1;5
"CHRALT";"obs_avas";"quadrat2";8;2;10
"CHRALT";"obs_avas";"quadrat3";9;10;3
"CHRALT";"obs_avas";"quadrat4";10;4;7
"CHRALT";"obs_avas";"quadrat5";1;9;2
"CHRALT";"obs_avas";"quadrat6";2;5;8
"CHRALT";"obs_avas";"quadrat7";3;3;1
"CHRALT";"obs_avas";"quadrat8";4;7;6
"CHRALT";"obs_avas";"quadrat9";5;6;9
"CHRALT";"obs_avas";"quadrat10";6;8;4
"CHRALT";"obs_citm";"quadrat1";5;9;3
"CHRALT";"obs_citm";"quadrat2";6;10;10
"CHRALT";"obs_citm";"quadrat3";7;8;1
"CHRALT";"obs_citm";"quadrat4";8;2;7
"CHRALT";"obs_citm";"quadrat5";9;7;6
"CHRALT";"obs_citm";"quadrat6";10;3;8
"CHRALT";"obs_citm";"quadrat7";1;1;4
"CHRALT";"obs_citm";"quadrat8";2;5;5
"CHRALT";"obs_citm";"quadrat9";3;4;9
"CHRALT";"obs_citm";"quadrat10";4;6;2
"CHRALT";"obs_cola";"quadrat1";3;7;1
"CHRALT";"obs_cola";"quadrat2";4;8;3
"CHRALT";"obs_cola";"quadrat3";5;6;9
"CHRALT";"obs_cola";"quadrat4";6;10;5
"CHRALT";"obs_cola";"quadrat5";7;5;8
"CHRALT";"obs_cola";"quadrat6";8;1;6
"CHRALT";"obs_cola";"quadrat7";9;9;7
"CHRALT";"obs_cola";"quadrat8";10;3;2
"CHRALT";"obs_cola";"quadrat9";1;2;4
"CHRALT";"obs_cola";"quadrat10";2;4;10
"FAGSYL";"obs_qmvf";"quadrat1";1;5;9
"FAGSYL";"obs_qmvf";"quadrat2";2;6;1
"FAGSYL";"obs_qmvf";"quadrat3";3;4;7
"FAGSYL";"obs_qmvf";"quadrat4";4;8;3
"FAGSYL";"obs_qmvf";"quadrat5";5;3;6
"FAGSYL";"obs_qmvf";"quadrat6";6;9;4
"FAGSYL";"obs_qmvf";"quadrat7";7;7;5
"FAGSYL";"obs_qmvf";"quadrat8";8;1;10
"FAGSYL";"obs_qmvf";"quadrat9";9;10;2
"FAGSYL";"obs_qmvf";"quadrat10";10;2;8
"FAGSYL";"obs_ymis";"quadrat1";10;4;8
"FAGSYL";"obs_ymis";"quadrat2";1;5;10
"FAGSYL";"obs_ymis";"quadrat3";2;3;6
"FAGSYL";"obs_ymis";"quadrat4";3;7;2
"FAGSYL";"obs_ymis";"quadrat5";4;2;5
"FAGSYL";"obs_ymis";"quadrat6";5;8;3
"FAGSYL";"obs_ymis";"quadrat7";6;6;4
"FAGSYL";"obs_ymis";"quadrat8";7;10;9
"FAGSYL";"obs_ymis";"quadrat9";8;9;1
"FAGSYL";"obs_ymis";"quadrat10";9;1;7
"FAGSYL";"obs_dpje";"quadrat1";9;3;7
"FAGSYL";"obs_dpje";"quadrat2";10;4;9
"FAGSYL";"obs_dpje";"quadrat3";1;2;5
"FAGSYL";"obs_dpje";"quadrat4";2;6;1
"FAGSYL";"obs_dpje";"quadrat5";3;1;4
"FAGSYL";"obs_dpje";"quadrat6";4;7;2
"FAGSYL";"obs_dpje";"quadrat7";5;5;3
"FAGSYL";"obs_dpje";"quadrat8";6;9;8
"FAGSYL";"obs_dpje";"quadrat9";7;8;10
"FAGSYL";"obs_dpje";"quadrat10";8;10;6
"FAGSYL";"obs_heia";"quadrat1";7;1;5
"FAGSYL";"obs_heia";"quadrat2";8;2;7
"FAGSYL";"obs_heia";"quadrat3";9;10;3
"FAGSYL";"obs_heia";"quadrat4";10;4;9
"FAGSYL";"obs_heia";"quadrat5";1;9;2
"FAGSYL";"obs_heia";"quadrat6";2;5;10
"FAGSYL";"obs_heia";"quadrat7";3;3;1
"FAGSYL";"obs_heia";"quadrat8";4;7;6
"FAGSYL";"obs_heia";"quadrat9";5;6;8
"FAGSYL";"obs_heia";"quadrat10";6;8;4
"FAGSYL";"obs_ydiz";"quadrat1";5;9;3
"FAGSYL";"obs_ydiz";"quadrat2";6;10;5
"FAGSYL";"obs_ydiz";"quadrat3";7;8;1
"FAGSYL";"obs_ydiz";"quadrat4";8;2;7
"FAGSYL";"obs_ydiz";"quadrat5";9;7;10
"FAGSYL";"obs_ydiz";"quadrat6";10;3;8
"FAGSYL";"obs_ydiz";"quadrat7";1;1;9
"FAGSYL";"obs_ydiz";"quadrat8";2;5;4
"FAGSYL";"obs_ydiz";"quadrat9";3;4;6
"FAGSYL";"obs_ydiz";"quadrat10";4;6;2
"FAGSYL";"obs_fxol";"quadrat1";3;7;1
"FAGSYL";"obs_fxol";"quadrat2";4;8;3
"FAGSYL";"obs_fxol";"quadrat3";5;6;9
"FAGSYL";"obs_fxol";"quadrat4";6;10;5
"FAGSYL";"obs_fxol";"quadrat5";7;5;8
"FAGSYL";"obs_fxol";"quadrat6";8;1;6
"FAGSYL";"obs_fxol";"quadrat7";9;9;7
"FAGSYL";"obs_fxol";"quadrat8";10;3;2
"FAGSYL";"obs_fxol";"quadrat9";1;2;4
"FAGSYL";"obs_fxol";"quadrat10";2;4;10
"HIEsp";"obs_fjab";"quadrat1";1;5;9
"HIEsp";"obs_fjab";"quadrat2";2;6;1
"HIEsp";"obs_fjab";"quadrat3";3;4;7
"HIEsp";"obs_fjab";"quadrat4";4;8;3
"HIEsp";"obs_fjab";"quadrat5";5;3;6
"HIEsp";"obs_fjab";"quadrat6";6;9;4
"HIEsp";"obs_fjab";"quadrat7";7;7;5
"HIEsp";"obs_fjab";"quadrat8";8;1;10
"HIEsp";"obs_fjab";"quadrat9";9;10;2
"HIEsp";"obs_fjab";"quadrat10";10;2;8
"HIEsp";"obs_cslu";"quadrat1";10;4;8
"HIEsp";"obs_cslu";"quadrat2";1;5;10
"HIEsp";"obs_cslu";"quadrat3";2;3;6
"HIEsp";"obs_cslu";"quadrat4";3;7;2
"HIEsp";"obs_cslu";"quadrat5";4;2;5
"HIEsp";"obs_cslu";"quadrat6";5;8;3
"HIEsp";"obs_cslu";"quadrat7";6;6;4
"HIEsp";"obs_cslu";"quadrat8";7;10;9
"HIEsp";"obs_cslu";"quadrat9";8;9;1
"HIEsp";"obs_cslu";"quadrat10";9;1;7
"HIEsp";"obs_eppk";"quadrat1";9;3;7
"HIEsp";"obs_eppk";"quadrat2";10;4;9
"HIEsp";"obs_eppk";"quadrat3";1;2;5
"HIEsp";"obs_eppk";"quadrat4";2;6;1
"HIEsp";"obs_eppk";"quadrat5";3;1;4
"HIEsp";"obs_eppk";"quadrat6";4;7;2
"HIEsp";"obs_eppk";"quadrat7";5;5;3
"HIEsp";"obs_eppk";"quadrat8";6;9;8
"HIEsp";"obs_eppk";"quadrat9";7;8;10
"HIEsp";"obs_eppk";"quadrat10";8;10;6
"HIEsp";"obs_plpm";"quadrat1";7;1;5
"HIEsp";"obs_plpm";"quadrat2";8;2;7
"HIEsp";"obs_plpm";"quadrat3";9;10;3
"HIEsp";"obs_plpm";"quadrat4";10;4;9
"HIEsp";"obs_plpm";"quadrat5";1;9;2
"HIEsp";"obs_plpm";"quadrat6";2;5;10
"HIEsp";"obs_plpm";"quadrat7";3;3;1
"HIEsp";"obs_plpm";"quadrat8";4;7;6
"HIEsp";"obs_plpm";"quadrat9";5;6;8
"HIEsp";"obs_plpm";"quadrat10";6;8;4
"HIEsp";"obs_vrqz";"quadrat1";5;9;3
"HIEsp";"obs_vrqz";"quadrat2";6;10;5
"HIEsp";"obs_vrqz";"quadrat3";7;8;1
"HIEsp";"obs_vrqz";"quadrat4";8;2;7
"HIEsp";"obs_vrqz";"quadrat5";9;7;10
"HIEsp";"obs_vrqz";"quadrat6";10;3;8
"HIEsp";"obs_vrqz";"quadrat7";1;1;9
"HIEsp";"obs_vrqz";"quadrat8";2;5;4
"HIEsp";"obs_vrqz";"quadrat9";3;4;6
"HIEsp";"obs_vrqz";"quadrat10";4;6;2
"HIEsp";"obs_llba";"quadrat1";4;8;2
"HIEsp";"obs_llba";"quadrat2";5;9;4
"HIEsp";"obs_llba";"quadrat3";6;7;10
"HIEsp";"obs_llba";"quadrat4";7;1;6
"HIEsp";"obs_llba";"quadrat5";8;6;9
"HIEsp";"obs_llba";"quadrat6";9;2;7
"HIEsp";"obs_llba";"quadrat7";10;10;8
"HIEsp";"obs_llba";"quadrat8";1;4;3
"HIEsp";"obs_llba";"quadrat9";2;3;5
"HIEsp";"obs_llba";"quadrat10";3;5;1
"HIEsp";"obs_atub";"quadrat1";3;7;1
"HIEsp";"obs_atub";"quadrat2";4;8;3
"HIEsp";"obs_atub";"quadrat3";5;6;9
"HIEsp";"obs_atub";"quadrat4";6;10;5
"HIEsp";"obs_atub";"quadrat5";7;5;8
"HIEsp";"obs_atub";"quadrat6";8;1;6
"HIEsp";"obs_atub";"quadrat7";9;9;7
"HIEsp";"obs_atub";"quadrat8";10;3;2
"HIEsp";"obs_atub";"quadrat9";1;2;4
"HIEsp";"obs_atub";"quadrat10";2;4;10
"BRORUB";"obs_autm";"quadrat1";1;5;9
"BRORUB";"obs_autm";"quadrat2";2;6;1
"BRORUB";"obs_autm";"quadrat3";3;4;7
"BRORUB";"obs_autm";"quadrat4";4;8;3
"BRORUB";"obs_autm";"quadrat5";5;3;6
"BRORUB";"obs_autm";"quadrat6";6;9;4
"BRORUB";"obs_autm";"quadrat7";7;7;5
"BRORUB";"obs_autm";"quadrat8";8;1;10
"BRORUB";"obs_autm";"quadrat9";9;10;2
"BRORUB";"obs_autm";"quadrat10";10;2;8
"BRORUB";"obs_ziwg";"quadrat1";10;4;7
"BRORUB";"obs_ziwg";"quadrat2";1;5;10
"BRORUB";"obs_ziwg";"quadrat3";2;3;5
"BRORUB";"obs_ziwg";"quadrat4";3;7;2
"BRORUB";"obs_ziwg";"quadrat5";4;2;4
"BRORUB";"obs_ziwg";"quadrat6";5;8;3
"BRORUB";"obs_ziwg";"quadrat7";6;6;6
"BRORUB";"obs_ziwg";"quadrat8";7;10;8
"BRORUB";"obs_ziwg";"quadrat9";8;9;1
"BRORUB";"obs_ziwg";"quadrat10";9;1;9
"BRORUB";"obs_tyds";"quadrat1";9;3;7
"BRORUB";"obs_tyds";"quadrat2";10;4;9
"BRORUB";"obs_tyds";"quadrat3";1;2;5
"BRORUB";"obs_tyds";"quadrat4";4;6;1
"BRORUB";"obs_tyds";"quadrat5";3;1;4
"BRORUB";"obs_tyds";"quadrat6";2;7;2
"BRORUB";"obs_tyds";"quadrat7";5;5;3
"BRORUB";"obs_tyds";"quadrat8";6;9;8
"BRORUB";"obs_tyds";"quadrat9";7;8;10
"BRORUB";"obs_tyds";"quadrat10";8;10;6
"BRORUB";"obs_rsjk";"quadrat1";7;1;7
"BRORUB";"obs_rsjk";"quadrat2";8;2;6
"BRORUB";"obs_rsjk";"quadrat3";9;10;2
"BRORUB";"obs_rsjk";"quadrat4";10;4;9
"BRORUB";"obs_rsjk";"quadrat5";1;9;3
"BRORUB";"obs_rsjk";"quadrat6";2;5;10
"BRORUB";"obs_rsjk";"quadrat7";4;3;1
"BRORUB";"obs_rsjk";"quadrat8";3;7;5
"BRORUB";"obs_rsjk";"quadrat9";5;6;8
"BRORUB";"obs_rsjk";"quadrat10";6;8;4
"BRORUB";"obs_hdlk";"quadrat1";5;9;3
"BRORUB";"obs_hdlk";"quadrat2";6;10;5
"BRORUB";"obs_hdlk";"quadrat3";7;8;1
"BRORUB";"obs_hdlk";"quadrat4";8;2;7
"BRORUB";"obs_hdlk";"quadrat5";9;7;10
"BRORUB";"obs_hdlk";"quadrat6";10;3;8
"BRORUB";"obs_hdlk";"quadrat7";1;1;9
"BRORUB";"obs_hdlk";"quadrat8";2;5;4
"BRORUB";"obs_hdlk";"quadrat9";3;4;6
"BRORUB";"obs_hdlk";"quadrat10";4;6;2
"BRORUB";"obs_emom";"quadrat1";3;7;1
"BRORUB";"obs_emom";"quadrat2";4;8;3
"BRORUB";"obs_emom";"quadrat3";5;6;9
"BRORUB";"obs_emom";"quadrat4";6;10;5
"BRORUB";"obs_emom";"quadrat5";7;5;8
"BRORUB";"obs_emom";"quadrat6";8;1;6
"BRORUB";"obs_emom";"quadrat7";9;9;7
"BRORUB";"obs_emom";"quadrat8";10;3;2
"BRORUB";"obs_emom";"quadrat9";1;2;4
"BRORUB";"obs_emom";"quadrat10";2;4;10
"SHEARV";"obs_wpdy";"quadrat1";1;5;8
"SHEARV";"obs_wpdy";"quadrat2";3;6;1
"SHEARV";"obs_wpdy";"quadrat3";2;4;7
"SHEARV";"obs_wpdy";"quadrat4";6;8;3
"SHEARV";"obs_wpdy";"quadrat5";4;3;6
"SHEARV";"obs_wpdy";"quadrat6";5;9;4
"SHEARV";"obs_wpdy";"quadrat7";7;7;5
"SHEARV";"obs_wpdy";"quadrat8";8;1;10
"SHEARV";"obs_wpdy";"quadrat9";9;10;2
"SHEARV";"obs_wpdy";"quadrat10";10;2;9
"SHEARV";"obs_cpof";"quadrat1";10;4;8
"SHEARV";"obs_cpof";"quadrat2";1;5;10
"SHEARV";"obs_cpof";"quadrat3";2;3;6
"SHEARV";"obs_cpof";"quadrat4";3;7;2
"SHEARV";"obs_cpof";"quadrat5";4;2;5
"SHEARV";"obs_cpof";"quadrat6";5;8;3
"SHEARV";"obs_cpof";"quadrat7";6;6;4
"SHEARV";"obs_cpof";"quadrat8";7;10;9
"SHEARV";"obs_cpof";"quadrat9";8;9;1
"SHEARV";"obs_cpof";"quadrat10";9;1;7
"SHEARV";"obs_nbeb";"quadrat1";9;3;7
"SHEARV";"obs_nbeb";"quadrat2";10;7;9
"SHEARV";"obs_nbeb";"quadrat3";1;2;5
"SHEARV";"obs_nbeb";"quadrat4";2;10;1
"SHEARV";"obs_nbeb";"quadrat5";3;1;4
"SHEARV";"obs_nbeb";"quadrat6";4;6;2
"SHEARV";"obs_nbeb";"quadrat7";5;5;3
"SHEARV";"obs_nbeb";"quadrat8";6;4;8
"SHEARV";"obs_nbeb";"quadrat9";7;8;10
"SHEARV";"obs_nbeb";"quadrat10";8;9;6
"SHEARV";"obs_raux";"quadrat1";7;1;5
"SHEARV";"obs_raux";"quadrat2";8;2;8
"SHEARV";"obs_raux";"quadrat3";9;3;3
"SHEARV";"obs_raux";"quadrat4";10;10;9
"SHEARV";"obs_raux";"quadrat5";1;9;2
"SHEARV";"obs_raux";"quadrat6";2;8;10
"SHEARV";"obs_raux";"quadrat7";3;5;1
"SHEARV";"obs_raux";"quadrat8";4;7;6
"SHEARV";"obs_raux";"quadrat9";5;4;7
"SHEARV";"obs_raux";"quadrat10";6;6;4
"SHEARV";"obs_fdod";"quadrat1";5;9;3
"SHEARV";"obs_fdod";"quadrat2";6;10;5
"SHEARV";"obs_fdod";"quadrat3";7;8;1
"SHEARV";"obs_fdod";"quadrat4";8;2;7
"SHEARV";"obs_fdod";"quadrat5";9;7;10
"SHEARV";"obs_fdod";"quadrat6";10;3;8
"SHEARV";"obs_fdod";"quadrat7";1;1;9
"SHEARV";"obs_fdod";"quadrat8";2;5;4
"SHEARV";"obs_fdod";"quadrat9";3;4;6
"SHEARV";"obs_fdod";"quadrat10";4;6;2
"SHEARV";"obs_gyoc";"quadrat1";3;7;2
"SHEARV";"obs_gyoc";"quadrat2";5;8;4
"SHEARV";"obs_gyoc";"quadrat3";4;6;5
"SHEARV";"obs_gyoc";"quadrat4";6;10;7
"SHEARV";"obs_gyoc";"quadrat5";7;5;3
"SHEARV";"obs_gyoc";"quadrat6";8;1;10
"SHEARV";"obs_gyoc";"quadrat7";9;9;8
"SHEARV";"obs_gyoc";"quadrat8";10;2;9
"SHEARV";"obs_gyoc";"quadrat9";1;4;6
"SHEARV";"obs_gyoc";"quadrat10";2;3;1
"MENSUA";"obs_guig";"quadrat1";1;5;8
"MENSUA";"obs_guig";"quadrat2";2;6;1
"MENSUA";"obs_guig";"quadrat3";3;4;5
"MENSUA";"obs_guig";"quadrat4";4;8;3
"MENSUA";"obs_guig";"quadrat5";5;3;9
"MENSUA";"obs_guig";"quadrat6";6;9;4
"MENSUA";"obs_guig";"quadrat7";7;7;7
"MENSUA";"obs_guig";"quadrat8";8;1;6
"MENSUA";"obs_guig";"quadrat9";9;10;2
"MENSUA";"obs_guig";"quadrat10";10;2;10
"MENSUA";"obs_eruf";"quadrat1";9;3;7
"MENSUA";"obs_eruf";"quadrat2";10;4;10
"MENSUA";"obs_eruf";"quadrat3";1;2;5
"MENSUA";"obs_eruf";"quadrat4";2;6;1
"MENSUA";"obs_eruf";"quadrat5";3;1;4
"MENSUA";"obs_eruf";"quadrat6";4;7;2
"MENSUA";"obs_eruf";"quadrat7";5;5;3
"MENSUA";"obs_eruf";"quadrat8";6;9;8
"MENSUA";"obs_eruf";"quadrat9";7;8;9
"MENSUA";"obs_eruf";"quadrat10";8;10;6
"MENSUA";"obs_hqzj";"quadrat1";7;1;5
"MENSUA";"obs_hqzj";"quadrat2";8;2;7
"MENSUA";"obs_hqzj";"quadrat3";9;10;3
"MENSUA";"obs_hqzj";"quadrat4";10;4;6
"MENSUA";"obs_hqzj";"quadrat5";1;9;2
"MENSUA";"obs_hqzj";"quadrat6";2;5;9
"MENSUA";"obs_hqzj";"quadrat7";3;3;1
"MENSUA";"obs_hqzj";"quadrat8";4;7;8
"MENSUA";"obs_hqzj";"quadrat9";5;6;10
"MENSUA";"obs_hqzj";"quadrat10";6;8;4
"MENSUA";"obs_cdgr";"quadrat1";5;8;3
"MENSUA";"obs_cdgr";"quadrat2";6;10;6
"MENSUA";"obs_cdgr";"quadrat3";7;7;1
"MENSUA";"obs_cdgr";"quadrat4";8;2;7
"MENSUA";"obs_cdgr";"quadrat5";9;9;9
"MENSUA";"obs_cdgr";"quadrat6";10;3;8
"MENSUA";"obs_cdgr";"quadrat7";1;1;10
"MENSUA";"obs_cdgr";"quadrat8";2;6;4
"MENSUA";"obs_cdgr";"quadrat9";3;4;5
"MENSUA";"obs_cdgr";"quadrat10";4;5;2
"MENSUA";"obs_oupc";"quadrat1";3;7;1
"MENSUA";"obs_oupc";"quadrat2";4;8;3
"MENSUA";"obs_oupc";"quadrat3";5;6;10
"MENSUA";"obs_oupc";"quadrat4";6;10;7
"MENSUA";"obs_oupc";"quadrat5";7;5;8
"MENSUA";"obs_oupc";"quadrat6";8;1;4
"MENSUA";"obs_oupc";"quadrat7";9;9;5
"MENSUA";"obs_oupc";"quadrat8";10;3;2
"MENSUA";"obs_oupc";"quadrat9";1;2;6
"MENSUA";"obs_oupc";"quadrat10";2;4;9
"SCAATR";"obs_urcs";"quadrat1";1;5;3
"SCAATR";"obs_urcs";"quadrat2";2;6;1
"SCAATR";"obs_urcs";"quadrat3";3;4;8
"SCAATR";"obs_urcs";"quadrat4";4;9;10
"SCAATR";"obs_urcs";"quadrat5";5;3;2
"SCAATR";"obs_urcs";"quadrat6";6;8;5
"SCAATR";"obs_urcs";"quadrat7";7;10;4
"SCAATR";"obs_urcs";"quadrat8";8;1;6
"SCAATR";"obs_urcs";"quadrat9";9;7;7
"SCAATR";"obs_urcs";"quadrat10";10;2;9
"SCAATR";"obs_dawu";"quadrat1";10;4;8
"SCAATR";"obs_dawu";"quadrat2";1;5;10
"SCAATR";"obs_dawu";"quadrat3";2;3;3
"SCAATR";"obs_dawu";"quadrat4";3;6;2
"SCAATR";"obs_dawu";"quadrat5";4;2;4
"SCAATR";"obs_dawu";"quadrat6";5;7;5
"SCAATR";"obs_dawu";"quadrat7";6;8;6
"SCAATR";"obs_dawu";"quadrat8";7;9;9
"SCAATR";"obs_dawu";"quadrat9";8;10;1
"SCAATR";"obs_dawu";"quadrat10";9;1;7
"SCAATR";"obs_aswy";"quadrat1";10;3;7
"SCAATR";"obs_aswy";"quadrat2";7;4;9
"SCAATR";"obs_aswy";"quadrat3";1;1;3
"SCAATR";"obs_aswy";"quadrat4";2;5;1
"SCAATR";"obs_aswy";"quadrat5";3;2;4
"SCAATR";"obs_aswy";"quadrat6";4;7;2
"SCAATR";"obs_aswy";"quadrat7";5;6;5
"SCAATR";"obs_aswy";"quadrat8";6;9;8
"SCAATR";"obs_aswy";"quadrat9";9;8;10
"SCAATR";"obs_aswy";"quadrat10";8;10;6
"SCAATR";"obs_okss";"quadrat1";7;1;5
"SCAATR";"obs_okss";"quadrat2";8;2;7
"SCAATR";"obs_okss";"quadrat3";9;10;2
"SCAATR";"obs_okss";"quadrat4";10;5;10
"SCAATR";"obs_okss";"quadrat5";1;9;3
"SCAATR";"obs_okss";"quadrat6";2;4;8
"SCAATR";"obs_okss";"quadrat7";3;3;1
"SCAATR";"obs_okss";"quadrat8";4;8;6
"SCAATR";"obs_okss";"quadrat9";5;7;9
"SCAATR";"obs_okss";"quadrat10";6;6;4
"SCAATR";"obs_zjcj";"quadrat1";5;9;3
"SCAATR";"obs_zjcj";"quadrat2";6;10;5
"SCAATR";"obs_zjcj";"quadrat3";7;8;1
"SCAATR";"obs_zjcj";"quadrat4";8;2;9
"SCAATR";"obs_zjcj";"quadrat5";9;7;8
"SCAATR";"obs_zjcj";"quadrat6";10;3;7
"SCAATR";"obs_zjcj";"quadrat7";1;1;10
"SCAATR";"obs_zjcj";"quadrat8";2;5;4
"SCAATR";"obs_zjcj";"quadrat9";3;4;6
"SCAATR";"obs_zjcj";"quadrat10";4;6;2
"SCAATR";"obs_pspx";"quadrat1";3;7;1
"SCAATR";"obs_pspx";"quadrat2";4;8;3
"SCAATR";"obs_pspx";"quadrat3";5;6;8
"SCAATR";"obs_pspx";"quadrat4";6;10;5
"SCAATR";"obs_pspx";"quadrat5";7;5;7
"SCAATR";"obs_pspx";"quadrat6";8;1;6
"SCAATR";"obs_pspx";"quadrat7";9;9;9
"SCAATR";"obs_pspx";"quadrat8";10;3;2
"SCAATR";"obs_pspx";"quadrat9";1;2;4
"SCAATR";"obs_pspx";"quadrat10";2;4;10
"ORNANG";"obs_fdhm";"quadrat1";1;5;9
"ORNANG";"obs_fdhm";"quadrat2";2;6;1
"ORNANG";"obs_fdhm";"quadrat3";3;4;7
"ORNANG";"obs_fdhm";"quadrat4";4;8;3
"ORNANG";"obs_fdhm";"quadrat5";5;3;6
"ORNANG";"obs_fdhm";"quadrat6";6;9;4
"ORNANG";"obs_fdhm";"quadrat7";7;7;5
"ORNANG";"obs_fdhm";"quadrat8";8;1;10
"ORNANG";"obs_fdhm";"quadrat9";9;10;2
"ORNANG";"obs_fdhm";"quadrat10";10;2;8
"ORNANG";"obs_ohjn";"quadrat1";9;3;8
"ORNANG";"obs_ohjn";"quadrat2";10;4;10
"ORNANG";"obs_ohjn";"quadrat3";1;2;5
"ORNANG";"obs_ohjn";"quadrat4";2;6;1
"ORNANG";"obs_ohjn";"quadrat5";3;1;3
"ORNANG";"obs_ohjn";"quadrat6";4;7;2
"ORNANG";"obs_ohjn";"quadrat7";5;5;4
"ORNANG";"obs_ohjn";"quadrat8";6;9;7
"ORNANG";"obs_ohjn";"quadrat9";8;8;9
"ORNANG";"obs_ohjn";"quadrat10";7;10;6
"ORNANG";"obs_jdlo";"quadrat1";7;1;5
"ORNANG";"obs_jdlo";"quadrat2";8;2;6
"ORNANG";"obs_jdlo";"quadrat3";9;9;2
"ORNANG";"obs_jdlo";"quadrat4";10;4;10
"ORNANG";"obs_jdlo";"quadrat5";1;10;4
"ORNANG";"obs_jdlo";"quadrat6";2;5;8
"ORNANG";"obs_jdlo";"quadrat7";3;3;1
"ORNANG";"obs_jdlo";"quadrat8";4;7;7
"ORNANG";"obs_jdlo";"quadrat9";5;6;9
"ORNANG";"obs_jdlo";"quadrat10";6;8;3
"ORNANG";"obs_aoxz";"quadrat1";5;8;3
"ORNANG";"obs_aoxz";"quadrat2";6;10;5
"ORNANG";"obs_aoxz";"quadrat3";7;7;1
"ORNANG";"obs_aoxz";"quadrat4";8;2;7
"ORNANG";"obs_aoxz";"quadrat5";9;9;10
"ORNANG";"obs_aoxz";"quadrat6";10;3;9
"ORNANG";"obs_aoxz";"quadrat7";1;1;8
"ORNANG";"obs_aoxz";"quadrat8";2;5;4
"ORNANG";"obs_aoxz";"quadrat9";3;4;6
"ORNANG";"obs_aoxz";"quadrat10";4;6;2
"ORNANG";"obs_cyjn";"quadrat1";3;7;1
"ORNANG";"obs_cyjn";"quadrat2";4;8;3
"ORNANG";"obs_cyjn";"quadrat3";5;6;9
"ORNANG";"obs_cyjn";"quadrat4";6;9;5
"ORNANG";"obs_cyjn";"quadrat5";7;5;7
"ORNANG";"obs_cyjn";"quadrat6";8;1;6
"ORNANG";"obs_cyjn";"quadrat7";9;10;8
"ORNANG";"obs_cyjn";"quadrat8";10;4;2
"ORNANG";"obs_cyjn";"quadrat9";1;2;4
"ORNANG";"obs_cyjn";"quadrat10";2;3;10
"EVAPYG";"obs_hmgi";"quadrat1";1;5;6
"EVAPYG";"obs_hmgi";"quadrat2";2;7;1
"EVAPYG";"obs_hmgi";"quadrat3";3;4;4
"EVAPYG";"obs_hmgi";"quadrat4";4;8;3
"EVAPYG";"obs_hmgi";"quadrat5";5;2;9
"EVAPYG";"obs_hmgi";"quadrat6";6;10;2
"EVAPYG";"obs_hmgi";"quadrat7";7;6;10
"EVAPYG";"obs_hmgi";"quadrat8";8;1;8
"EVAPYG";"obs_hmgi";"quadrat9";9;9;5
"EVAPYG";"obs_hmgi";"quadrat10";10;3;7
"EVAPYG";"obs_wxrb";"quadrat1";10;5;NA
"EVAPYG";"obs_wxrb";"quadrat2";1;4;2
"EVAPYG";"obs_wxrb";"quadrat3";2;2;5
"EVAPYG";"obs_wxrb";"quadrat4";3;8;4
"EVAPYG";"obs_wxrb";"quadrat5";4;3;3
"EVAPYG";"obs_wxrb";"quadrat6";5;7;NA
"EVAPYG";"obs_wxrb";"quadrat7";6;6;NA
"EVAPYG";"obs_wxrb";"quadrat8";7;9;NA
"EVAPYG";"obs_wxrb";"quadrat9";8;10;1
"EVAPYG";"obs_wxrb";"quadrat10";9;1;NA
"EVAPYG";"obs_kfkt";"quadrat1";9;3;7
"EVAPYG";"obs_kfkt";"quadrat2";8;4;9
"EVAPYG";"obs_kfkt";"quadrat3";1;2;5
"EVAPYG";"obs_kfkt";"quadrat4";2;6;1
"EVAPYG";"obs_kfkt";"quadrat5";3;1;4
"EVAPYG";"obs_kfkt";"quadrat6";4;7;2
"EVAPYG";"obs_kfkt";"quadrat7";5;5;3
"EVAPYG";"obs_kfkt";"quadrat8";6;9;8
"EVAPYG";"obs_kfkt";"quadrat9";7;8;10
"EVAPYG";"obs_kfkt";"quadrat10";10;10;6
"EVAPYG";"obs_trjf";"quadrat1";7;1;5
"EVAPYG";"obs_trjf";"quadrat2";8;2;9
"EVAPYG";"obs_trjf";"quadrat3";9;7;2
"EVAPYG";"obs_trjf";"quadrat4";10;4;10
"EVAPYG";"obs_trjf";"quadrat5";1;10;4
"EVAPYG";"obs_trjf";"quadrat6";2;5;3
"EVAPYG";"obs_trjf";"quadrat7";3;3;1
"EVAPYG";"obs_trjf";"quadrat8";4;6;8
"EVAPYG";"obs_trjf";"quadrat9";5;9;7
"EVAPYG";"obs_trjf";"quadrat10";6;8;6
"EVAPYG";"obs_oppu";"quadrat1";5;6;3
"EVAPYG";"obs_oppu";"quadrat2";6;10;8
"EVAPYG";"obs_oppu";"quadrat3";7;5;1
"EVAPYG";"obs_oppu";"quadrat4";8;2;5
"EVAPYG";"obs_oppu";"quadrat5";9;4;7
"EVAPYG";"obs_oppu";"quadrat6";10;3;9
"EVAPYG";"obs_oppu";"quadrat7";1;1;6
"EVAPYG";"obs_oppu";"quadrat8";2;7;2
"EVAPYG";"obs_oppu";"quadrat9";3;9;10
"EVAPYG";"obs_oppu";"quadrat10";4;8;4
"EVAPYG";"obs_cqsa";"quadrat1";4;7;3
"EVAPYG";"obs_cqsa";"quadrat2";5;10;4
"EVAPYG";"obs_cqsa";"quadrat3";6;6;10
"EVAPYG";"obs_cqsa";"quadrat4";7;1;5
"EVAPYG";"obs_cqsa";"quadrat5";8;8;9
"EVAPYG";"obs_cqsa";"quadrat6";9;2;8
"EVAPYG";"obs_cqsa";"quadrat7";10;9;7
"EVAPYG";"obs_cqsa";"quadrat8";1;4;2
"EVAPYG";"obs_cqsa";"quadrat9";2;3;6
"EVAPYG";"obs_cqsa";"quadrat10";3;5;1
"EVAPYG";"obs_zalk";"quadrat1";3;7;1
"EVAPYG";"obs_zalk";"quadrat2";4;10;2
"EVAPYG";"obs_zalk";"quadrat3";5;6;7
"EVAPYG";"obs_zalk";"quadrat4";6;9;5
"EVAPYG";"obs_zalk";"quadrat5";7;5;10
"EVAPYG";"obs_zalk";"quadrat6";8;1;6
"EVAPYG";"obs_zalk";"quadrat7";9;8;9
"EVAPYG";"obs_zalk";"quadrat8";10;3;3
"EVAPYG";"obs_zalk";"quadrat9";1;2;4
"EVAPYG";"obs_zalk";"quadrat10";2;4;8
"OPHLUT";"obs_nscd";"quadrat1";1;5;9
"OPHLUT";"obs_nscd";"quadrat2";2;6;1
"OPHLUT";"obs_nscd";"quadrat3";3;3;7
"OPHLUT";"obs_nscd";"quadrat4";4;8;3
"OPHLUT";"obs_nscd";"quadrat5";5;4;6
"OPHLUT";"obs_nscd";"quadrat6";6;7;4
"OPHLUT";"obs_nscd";"quadrat7";7;9;5
"OPHLUT";"obs_nscd";"quadrat8";8;1;10
"OPHLUT";"obs_nscd";"quadrat9";9;10;2
"OPHLUT";"obs_nscd";"quadrat10";10;2;8
"OPHLUT";"obs_rjmb";"quadrat1";9;10;9
"OPHLUT";"obs_rjmb";"quadrat2";10;4;10
"OPHLUT";"obs_rjmb";"quadrat3";1;3;5
"OPHLUT";"obs_rjmb";"quadrat4";2;6;1
"OPHLUT";"obs_rjmb";"quadrat5";3;1;4
"OPHLUT";"obs_rjmb";"quadrat6";4;7;2
"OPHLUT";"obs_rjmb";"quadrat7";5;2;3
"OPHLUT";"obs_rjmb";"quadrat8";6;9;7
"OPHLUT";"obs_rjmb";"quadrat9";7;5;8
"OPHLUT";"obs_rjmb";"quadrat10";8;8;6
"OPHLUT";"obs_awgv";"quadrat1";7;2;6
"OPHLUT";"obs_awgv";"quadrat2";8;1;7
"OPHLUT";"obs_awgv";"quadrat3";9;9;3
"OPHLUT";"obs_awgv";"quadrat4";10;4;8
"OPHLUT";"obs_awgv";"quadrat5";1;8;2
"OPHLUT";"obs_awgv";"quadrat6";2;3;9
"OPHLUT";"obs_awgv";"quadrat7";3;5;1
"OPHLUT";"obs_awgv";"quadrat8";4;7;5
"OPHLUT";"obs_awgv";"quadrat9";5;6;10
"OPHLUT";"obs_awgv";"quadrat10";6;10;4
"OPHLUT";"obs_werf";"quadrat1";5;9;3
"OPHLUT";"obs_werf";"quadrat2";6;10;6
"OPHLUT";"obs_werf";"quadrat3";7;8;1
"OPHLUT";"obs_werf";"quadrat4";8;2;7
"OPHLUT";"obs_werf";"quadrat5";9;7;10
"OPHLUT";"obs_werf";"quadrat6";10;3;8
"OPHLUT";"obs_werf";"quadrat7";1;1;9
"OPHLUT";"obs_werf";"quadrat8";2;5;4
"OPHLUT";"obs_werf";"quadrat9";3;4;5
"OPHLUT";"obs_werf";"quadrat10";4;6;2
"OPHLUT";"obs_ajeg";"quadrat1";3;7;1
"OPHLUT";"obs_ajeg";"quadrat2";4;8;3
"OPHLUT";"obs_ajeg";"quadrat3";5;6;9
"OPHLUT";"obs_ajeg";"quadrat4";6;10;5
"OPHLUT";"obs_ajeg";"quadrat5";7;5;8
"OPHLUT";"obs_ajeg";"quadrat6";8;1;6
"OPHLUT";"obs_ajeg";"quadrat7";9;9;7
"OPHLUT";"obs_ajeg";"quadrat8";10;3;2
"OPHLUT";"obs_ajeg";"quadrat9";1;2;4
"OPHLUT";"obs_ajeg";"quadrat10";2;4;10
"CARFLA";"obs_lktg";"quadrat1";1;5;8
"CARFLA";"obs_lktg";"quadrat2";2;7;1
"CARFLA";"obs_lktg";"quadrat3";3;4;7
"CARFLA";"obs_lktg";"quadrat4";4;8;3
"CARFLA";"obs_lktg";"quadrat5";5;3;4
"CARFLA";"obs_lktg";"quadrat6";6;9;2
"CARFLA";"obs_lktg";"quadrat7";7;6;5
"CARFLA";"obs_lktg";"quadrat8";8;1;9
"CARFLA";"obs_lktg";"quadrat9";9;10;6
"CARFLA";"obs_lktg";"quadrat10";10;2;10
"CARFLA";"obs_eonq";"quadrat1";10;3;8
"CARFLA";"obs_eonq";"quadrat2";1;5;10
"CARFLA";"obs_eonq";"quadrat3";2;4;6
"CARFLA";"obs_eonq";"quadrat4";3;6;2
"CARFLA";"obs_eonq";"quadrat5";4;2;5
"CARFLA";"obs_eonq";"quadrat6";5;8;4
"CARFLA";"obs_eonq";"quadrat7";6;7;3
"CARFLA";"obs_eonq";"quadrat8";7;10;9
"CARFLA";"obs_eonq";"quadrat9";8;9;1
"CARFLA";"obs_eonq";"quadrat10";9;1;7
"CARFLA";"obs_pgxa";"quadrat1";9;3;7
"CARFLA";"obs_pgxa";"quadrat2";10;4;10
"CARFLA";"obs_pgxa";"quadrat3";1;2;4
"CARFLA";"obs_pgxa";"quadrat4";2;6;1
"CARFLA";"obs_pgxa";"quadrat5";3;1;3
"CARFLA";"obs_pgxa";"quadrat6";4;7;5
"CARFLA";"obs_pgxa";"quadrat7";5;5;2
"CARFLA";"obs_pgxa";"quadrat8";6;9;8
"CARFLA";"obs_pgxa";"quadrat9";7;8;9
"CARFLA";"obs_pgxa";"quadrat10";8;10;6
"CARFLA";"obs_qsyn";"quadrat1";7;1;6
"CARFLA";"obs_qsyn";"quadrat2";8;2;9
"CARFLA";"obs_qsyn";"quadrat3";9;10;3
"CARFLA";"obs_qsyn";"quadrat4";10;4;8
"CARFLA";"obs_qsyn";"quadrat5";1;9;2
"CARFLA";"obs_qsyn";"quadrat6";2;6;4
"CARFLA";"obs_qsyn";"quadrat7";3;3;1
"CARFLA";"obs_qsyn";"quadrat8";4;7;7
"CARFLA";"obs_qsyn";"quadrat9";5;5;10
"CARFLA";"obs_qsyn";"quadrat10";6;8;5
"CARFLA";"obs_dkzp";"quadrat1";5;9;3
"CARFLA";"obs_dkzp";"quadrat2";6;10;5
"CARFLA";"obs_dkzp";"quadrat3";7;8;1
"CARFLA";"obs_dkzp";"quadrat4";8;2;6
"CARFLA";"obs_dkzp";"quadrat5";9;7;8
"CARFLA";"obs_dkzp";"quadrat6";10;3;10
"CARFLA";"obs_dkzp";"quadrat7";1;1;7
"CARFLA";"obs_dkzp";"quadrat8";2;5;4
"CARFLA";"obs_dkzp";"quadrat9";3;4;9
"CARFLA";"obs_dkzp";"quadrat10";4;6;2
"CARFLA";"obs_fdhm";"quadrat1";3;7;1
"CARFLA";"obs_fdhm";"quadrat2";4;8;3
"CARFLA";"obs_fdhm";"quadrat3";5;6;9
"CARFLA";"obs_fdhm";"quadrat4";6;10;5
"CARFLA";"obs_fdhm";"quadrat5";7;5;8
"CARFLA";"obs_fdhm";"quadrat6";8;1;6
"CARFLA";"obs_fdhm";"quadrat7";9;9;7
"CARFLA";"obs_fdhm";"quadrat8";10;3;2
"CARFLA";"obs_fdhm";"quadrat9";1;2;4
"CARFLA";"obs_fdhm";"quadrat10";2;4;10
"ANAPYR";"obs_rfen";"quadrat1";1;4;9
"ANAPYR";"obs_rfen";"quadrat2";2;6;1
"ANAPYR";"obs_rfen";"quadrat3";3;5;7
"ANAPYR";"obs_rfen";"quadrat4";4;8;3
"ANAPYR";"obs_rfen";"quadrat5";5;3;5
"ANAPYR";"obs_rfen";"quadrat6";6;9;4
"ANAPYR";"obs_rfen";"quadrat7";7;7;6
"ANAPYR";"obs_rfen";"quadrat8";8;1;10
"ANAPYR";"obs_rfen";"quadrat9";9;10;2
"ANAPYR";"obs_rfen";"quadrat10";10;2;8
"ANAPYR";"obs_aslf";"quadrat1";8;7;7
"ANAPYR";"obs_aslf";"quadrat2";10;4;10
"ANAPYR";"obs_aslf";"quadrat3";1;2;5
"ANAPYR";"obs_aslf";"quadrat4";2;6;1
"ANAPYR";"obs_aslf";"quadrat5";3;1;4
"ANAPYR";"obs_aslf";"quadrat6";4;3;2
"ANAPYR";"obs_aslf";"quadrat7";5;5;3
"ANAPYR";"obs_aslf";"quadrat8";6;9;8
"ANAPYR";"obs_aslf";"quadrat9";7;8;9
"ANAPYR";"obs_aslf";"quadrat10";9;10;6
"ANAPYR";"obs_xoto";"quadrat1";7;1;5
"ANAPYR";"obs_xoto";"quadrat2";8;2;7
"ANAPYR";"obs_xoto";"quadrat3";9;10;3
"ANAPYR";"obs_xoto";"quadrat4";10;4;8
"ANAPYR";"obs_xoto";"quadrat5";1;9;2
"ANAPYR";"obs_xoto";"quadrat6";2;5;10
"ANAPYR";"obs_xoto";"quadrat7";3;3;1
"ANAPYR";"obs_xoto";"quadrat8";4;7;6
"ANAPYR";"obs_xoto";"quadrat9";5;6;9
"ANAPYR";"obs_xoto";"quadrat10";6;8;4
"ANAPYR";"obs_yhzj";"quadrat1";5;9;3
"ANAPYR";"obs_yhzj";"quadrat2";6;10;5
"ANAPYR";"obs_yhzj";"quadrat3";7;8;1
"ANAPYR";"obs_yhzj";"quadrat4";8;2;7
"ANAPYR";"obs_yhzj";"quadrat5";9;7;10
"ANAPYR";"obs_yhzj";"quadrat6";10;3;9
"ANAPYR";"obs_yhzj";"quadrat7";1;1;8
"ANAPYR";"obs_yhzj";"quadrat8";2;4;4
"ANAPYR";"obs_yhzj";"quadrat9";3;5;6
"ANAPYR";"obs_yhzj";"quadrat10";4;6;2
"ANAPYR";"obs_jdpu";"quadrat1";3;7;1
"ANAPYR";"obs_jdpu";"quadrat2";4;8;3
"ANAPYR";"obs_jdpu";"quadrat3";5;6;9
"ANAPYR";"obs_jdpu";"quadrat4";6;10;5
"ANAPYR";"obs_jdpu";"quadrat5";7;5;8
"ANAPYR";"obs_jdpu";"quadrat6";8;1;7
"ANAPYR";"obs_jdpu";"quadrat7";9;9;6
"ANAPYR";"obs_jdpu";"quadrat8";10;3;2
"ANAPYR";"obs_jdpu";"quadrat9";1;2;4
"ANAPYR";"obs_jdpu";"quadrat10";2;4;10
"RUMACE";"obs_dzxs";"quadrat1";1;5;9
"RUMACE";"obs_dzxs";"quadrat2";2;6;1
"RUMACE";"obs_dzxs";"quadrat3";3;4;7
"RUMACE";"obs_dzxs";"quadrat4";4;8;4
"RUMACE";"obs_dzxs";"quadrat5";5;3;6
"RUMACE";"obs_dzxs";"quadrat6";6;9;3
"RUMACE";"obs_dzxs";"quadrat7";7;7;5
"RUMACE";"obs_dzxs";"quadrat8";8;2;10
"RUMACE";"obs_dzxs";"quadrat9";9;10;2
"RUMACE";"obs_dzxs";"quadrat10";10;1;8
"RUMACE";"obs_wmyv";"quadrat1";9;3;7
"RUMACE";"obs_wmyv";"quadrat2";10;4;9
"RUMACE";"obs_wmyv";"quadrat3";1;2;5
"RUMACE";"obs_wmyv";"quadrat4";2;6;1
"RUMACE";"obs_wmyv";"quadrat5";3;1;4
"RUMACE";"obs_wmyv";"quadrat6";4;7;2
"RUMACE";"obs_wmyv";"quadrat7";5;5;3
"RUMACE";"obs_wmyv";"quadrat8";6;8;8
"RUMACE";"obs_wmyv";"quadrat9";7;10;10
"RUMACE";"obs_wmyv";"quadrat10";8;9;6
"RUMACE";"obs_qjqk";"quadrat1";7;1;5
"RUMACE";"obs_qjqk";"quadrat2";8;2;9
"RUMACE";"obs_qjqk";"quadrat3";9;10;3
"RUMACE";"obs_qjqk";"quadrat4";10;4;7
"RUMACE";"obs_qjqk";"quadrat5";1;9;2
"RUMACE";"obs_qjqk";"quadrat6";2;5;8
"RUMACE";"obs_qjqk";"quadrat7";3;3;1
"RUMACE";"obs_qjqk";"quadrat8";4;7;6
"RUMACE";"obs_qjqk";"quadrat9";5;6;10
"RUMACE";"obs_qjqk";"quadrat10";6;8;4
"RUMACE";"obs_nfuc";"quadrat1";5;9;3
"RUMACE";"obs_nfuc";"quadrat2";6;10;5
"RUMACE";"obs_nfuc";"quadrat3";7;8;1
"RUMACE";"obs_nfuc";"quadrat4";8;2;6
"RUMACE";"obs_nfuc";"quadrat5";9;7;10
"RUMACE";"obs_nfuc";"quadrat6";10;3;8
"RUMACE";"obs_nfuc";"quadrat7";1;1;9
"RUMACE";"obs_nfuc";"quadrat8";2;5;4
"RUMACE";"obs_nfuc";"quadrat9";3;4;7
"RUMACE";"obs_nfuc";"quadrat10";4;6;2
"RUMACE";"obs_enjt";"quadrat1";3;7;1
"RUMACE";"obs_enjt";"quadrat2";4;8;6
"RUMACE";"obs_enjt";"quadrat3";5;6;9
"RUMACE";"obs_enjt";"quadrat4";6;10;4
"RUMACE";"obs_enjt";"quadrat5";7;5;5
"RUMACE";"obs_enjt";"quadrat6";8;1;7
"RUMACE";"obs_enjt";"quadrat7";9;9;8
"RUMACE";"obs_enjt";"quadrat8";10;3;2
"RUMACE";"obs_enjt";"quadrat9";1;2;3
"RUMACE";"obs_enjt";"quadrat10";2;4;10
"EQUTEL";"obs_xoto";"quadrat1";1;1;10
"EQUTEL";"obs_xoto";"quadrat2";2;6;1
"EQUTEL";"obs_xoto";"quadrat3";3;5;6
"EQUTEL";"obs_xoto";"quadrat4";4;8;5
"EQUTEL";"obs_xoto";"quadrat5";5;4;4
"EQUTEL";"obs_xoto";"quadrat6";6;9;2
"EQUTEL";"obs_xoto";"quadrat7";7;7;8
"EQUTEL";"obs_xoto";"quadrat8";8;2;7
"EQUTEL";"obs_xoto";"quadrat9";9;10;3
"EQUTEL";"obs_xoto";"quadrat10";10;3;9
"EQUTEL";"obs_zlxw";"quadrat1";10;4;8
"EQUTEL";"obs_zlxw";"quadrat2";1;5;10
"EQUTEL";"obs_zlxw";"quadrat3";2;3;6
"EQUTEL";"obs_zlxw";"quadrat4";3;7;2
"EQUTEL";"obs_zlxw";"quadrat5";4;2;5
"EQUTEL";"obs_zlxw";"quadrat6";5;8;3
"EQUTEL";"obs_zlxw";"quadrat7";6;6;4
"EQUTEL";"obs_zlxw";"quadrat8";7;10;9
"EQUTEL";"obs_zlxw";"quadrat9";8;9;1
"EQUTEL";"obs_zlxw";"quadrat10";9;1;7
"EQUTEL";"obs_nzcz";"quadrat1";9;3;6
"EQUTEL";"obs_nzcz";"quadrat2";10;4;8
"EQUTEL";"obs_nzcz";"quadrat3";1;2;4
"EQUTEL";"obs_nzcz";"quadrat4";2;6;1
"EQUTEL";"obs_nzcz";"quadrat5";3;1;7
"EQUTEL";"obs_nzcz";"quadrat6";4;7;3
"EQUTEL";"obs_nzcz";"quadrat7";5;5;2
"EQUTEL";"obs_nzcz";"quadrat8";6;9;9
"EQUTEL";"obs_nzcz";"quadrat9";7;8;10
"EQUTEL";"obs_nzcz";"quadrat10";8;10;5
"EQUTEL";"obs_fbti";"quadrat1";7;1;5
"EQUTEL";"obs_fbti";"quadrat2";8;2;7
"EQUTEL";"obs_fbti";"quadrat3";9;10;3
"EQUTEL";"obs_fbti";"quadrat4";10;4;9
"EQUTEL";"obs_fbti";"quadrat5";1;9;2
"EQUTEL";"obs_fbti";"quadrat6";2;5;10
"EQUTEL";"obs_fbti";"quadrat7";3;3;1
"EQUTEL";"obs_fbti";"quadrat8";4;7;6
"EQUTEL";"obs_fbti";"quadrat9";5;6;8
"EQUTEL";"obs_fbti";"quadrat10";6;8;4
"EQUTEL";"obs_size";"quadrat1";5;9;3
"EQUTEL";"obs_size";"quadrat2";6;10;5
"EQUTEL";"obs_size";"quadrat3";7;7;1
"EQUTEL";"obs_size";"quadrat4";8;2;7
"EQUTEL";"obs_size";"quadrat5";9;8;10
"EQUTEL";"obs_size";"quadrat6";10;3;8
"EQUTEL";"obs_size";"quadrat7";1;1;9
"EQUTEL";"obs_size";"quadrat8";2;5;4
"EQUTEL";"obs_size";"quadrat9";3;4;6
"EQUTEL";"obs_size";"quadrat10";4;6;2
"EQUTEL";"obs_phev";"quadrat1";4;8;2
"EQUTEL";"obs_phev";"quadrat2";5;9;4
"EQUTEL";"obs_phev";"quadrat3";6;7;10
"EQUTEL";"obs_phev";"quadrat4";7;1;6
"EQUTEL";"obs_phev";"quadrat5";8;6;9
"EQUTEL";"obs_phev";"quadrat6";9;2;5
"EQUTEL";"obs_phev";"quadrat7";10;10;8
"EQUTEL";"obs_phev";"quadrat8";1;4;3
"EQUTEL";"obs_phev";"quadrat9";2;3;7
"EQUTEL";"obs_phev";"quadrat10";3;5;1
"EQUTEL";"obs_ruyi";"quadrat1";3;7;NA
"EQUTEL";"obs_ruyi";"quadrat2";4;8;NA
"EQUTEL";"obs_ruyi";"quadrat3";5;6;NA
"EQUTEL";"obs_ruyi";"quadrat4";6;10;NA
"EQUTEL";"obs_ruyi";"quadrat5";7;5;NA
"EQUTEL";"obs_ruyi";"quadrat6";8;1;NA
"EQUTEL";"obs_ruyi";"quadrat7";9;9;NA
"EQUTEL";"obs_ruyi";"quadrat8";10;3;NA
"EQUTEL";"obs_ruyi";"quadrat9";1;2;NA
"EQUTEL";"obs_ruyi";"quadrat10";2;4;NA
"LINVUL";"obs_njds";"quadrat1";1;1;5
"LINVUL";"obs_njds";"quadrat2";2;2;1
"LINVUL";"obs_njds";"quadrat3";3;6;3
"LINVUL";"obs_njds";"quadrat4";4;8;6
"LINVUL";"obs_njds";"quadrat5";5;5;7
"LINVUL";"obs_njds";"quadrat6";6;9;8
"LINVUL";"obs_njds";"quadrat7";7;7;9
"LINVUL";"obs_njds";"quadrat8";8;3;2
"LINVUL";"obs_njds";"quadrat9";9;10;10
"LINVUL";"obs_njds";"quadrat10";10;4;4
"LINVUL";"obs_uzuk";"quadrat1";10;1;8
"LINVUL";"obs_uzuk";"quadrat2";1;5;10
"LINVUL";"obs_uzuk";"quadrat3";2;2;6
"LINVUL";"obs_uzuk";"quadrat4";3;8;2
"LINVUL";"obs_uzuk";"quadrat5";4;6;5
"LINVUL";"obs_uzuk";"quadrat6";5;7;3
"LINVUL";"obs_uzuk";"quadrat7";6;9;4
"LINVUL";"obs_uzuk";"quadrat8";7;3;9
"LINVUL";"obs_uzuk";"quadrat9";8;10;1
"LINVUL";"obs_uzuk";"quadrat10";9;4;7
"LINVUL";"obs_hubl";"quadrat1";9;3;7
"LINVUL";"obs_hubl";"quadrat2";10;4;5
"LINVUL";"obs_hubl";"quadrat3";1;2;9
"LINVUL";"obs_hubl";"quadrat4";2;6;1
"LINVUL";"obs_hubl";"quadrat5";3;1;10
"LINVUL";"obs_hubl";"quadrat6";4;7;4
"LINVUL";"obs_hubl";"quadrat7";5;5;3
"LINVUL";"obs_hubl";"quadrat8";6;9;2
"LINVUL";"obs_hubl";"quadrat9";7;8;8
"LINVUL";"obs_hubl";"quadrat10";8;10;6
"LINVUL";"obs_olxe";"quadrat1";7;1;5
"LINVUL";"obs_olxe";"quadrat2";8;2;7
"LINVUL";"obs_olxe";"quadrat3";9;10;3
"LINVUL";"obs_olxe";"quadrat4";10;4;9
"LINVUL";"obs_olxe";"quadrat5";1;9;2
"LINVUL";"obs_olxe";"quadrat6";2;5;10
"LINVUL";"obs_olxe";"quadrat7";3;3;1
"LINVUL";"obs_olxe";"quadrat8";4;7;6
"LINVUL";"obs_olxe";"quadrat9";5;6;8
"LINVUL";"obs_olxe";"quadrat10";6;8;4
"LINVUL";"obs_frnf";"quadrat1";5;6;5
"LINVUL";"obs_frnf";"quadrat2";6;4;8
"LINVUL";"obs_frnf";"quadrat3";7;7;1
"LINVUL";"obs_frnf";"quadrat4";8;2;6
"LINVUL";"obs_frnf";"quadrat5";9;3;4
"LINVUL";"obs_frnf";"quadrat6";10;5;3
"LINVUL";"obs_frnf";"quadrat7";1;1;10
"LINVUL";"obs_frnf";"quadrat8";2;8;2
"LINVUL";"obs_frnf";"quadrat9";3;9;9
"LINVUL";"obs_frnf";"quadrat10";4;10;7
"LINVUL";"obs_dbon";"quadrat1";4;8;2
"LINVUL";"obs_dbon";"quadrat2";5;9;4
"LINVUL";"obs_dbon";"quadrat3";6;7;8
"LINVUL";"obs_dbon";"quadrat4";7;1;6
"LINVUL";"obs_dbon";"quadrat5";8;6;9
"LINVUL";"obs_dbon";"quadrat6";9;2;7
"LINVUL";"obs_dbon";"quadrat7";10;10;10
"LINVUL";"obs_dbon";"quadrat8";1;4;3
"LINVUL";"obs_dbon";"quadrat9";2;3;5
"LINVUL";"obs_dbon";"quadrat10";3;5;1
"LINVUL";"obs_aczj";"quadrat1";3;7;1
"LINVUL";"obs_aczj";"quadrat2";4;9;3
"LINVUL";"obs_aczj";"quadrat3";5;6;7
"LINVUL";"obs_aczj";"quadrat4";6;8;5
"LINVUL";"obs_aczj";"quadrat5";7;5;10
"LINVUL";"obs_aczj";"quadrat6";8;1;6
"LINVUL";"obs_aczj";"quadrat7";9;10;8
"LINVUL";"obs_aczj";"quadrat8";10;3;2
"LINVUL";"obs_aczj";"quadrat9";1;2;4
"LINVUL";"obs_aczj";"quadrat10";2;4;9
"MELARV";"obs_oezi";"quadrat1";1;5;9
"MELARV";"obs_oezi";"quadrat2";2;6;1
"MELARV";"obs_oezi";"quadrat3";3;4;7
"MELARV";"obs_oezi";"quadrat4";4;8;3
"MELARV";"obs_oezi";"quadrat5";5;3;6
"MELARV";"obs_oezi";"quadrat6";6;9;4
"MELARV";"obs_oezi";"quadrat7";7;7;5
"MELARV";"obs_oezi";"quadrat8";8;1;10
"MELARV";"obs_oezi";"quadrat9";9;10;2
"MELARV";"obs_oezi";"quadrat10";10;2;8
"MELARV";"obs_ufnn";"quadrat1";10;4;10
"MELARV";"obs_ufnn";"quadrat2";1;5;9
"MELARV";"obs_ufnn";"quadrat3";2;3;2
"MELARV";"obs_ufnn";"quadrat4";3;7;5
"MELARV";"obs_ufnn";"quadrat5";4;2;3
"MELARV";"obs_ufnn";"quadrat6";5;8;6
"MELARV";"obs_ufnn";"quadrat7";6;6;4
"MELARV";"obs_ufnn";"quadrat8";7;10;8
"MELARV";"obs_ufnn";"quadrat9";8;9;1
"MELARV";"obs_ufnn";"quadrat10";9;1;7
"MELARV";"obs_nowb";"quadrat1";9;3;6
"MELARV";"obs_nowb";"quadrat2";10;4;9
"MELARV";"obs_nowb";"quadrat3";1;2;3
"MELARV";"obs_nowb";"quadrat4";2;6;1
"MELARV";"obs_nowb";"quadrat5";3;1;10
"MELARV";"obs_nowb";"quadrat6";4;7;2
"MELARV";"obs_nowb";"quadrat7";5;5;8
"MELARV";"obs_nowb";"quadrat8";6;9;5
"MELARV";"obs_nowb";"quadrat9";7;8;4
"MELARV";"obs_nowb";"quadrat10";8;10;7
"MELARV";"obs_asyh";"quadrat1";8;2;7
"MELARV";"obs_asyh";"quadrat2";9;3;10
"MELARV";"obs_asyh";"quadrat3";10;1;4
"MELARV";"obs_asyh";"quadrat4";1;5;8
"MELARV";"obs_asyh";"quadrat5";2;10;3
"MELARV";"obs_asyh";"quadrat6";3;6;1
"MELARV";"obs_asyh";"quadrat7";4;4;2
"MELARV";"obs_asyh";"quadrat8";5;8;6
"MELARV";"obs_asyh";"quadrat9";6;7;5
"MELARV";"obs_asyh";"quadrat10";7;9;9
"MELARV";"obs_svrr";"quadrat1";7;1;9
"MELARV";"obs_svrr";"quadrat2";8;2;7
"MELARV";"obs_svrr";"quadrat3";9;10;6
"MELARV";"obs_svrr";"quadrat4";10;4;10
"MELARV";"obs_svrr";"quadrat5";1;9;2
"MELARV";"obs_svrr";"quadrat6";2;5;8
"MELARV";"obs_svrr";"quadrat7";3;3;1
"MELARV";"obs_svrr";"quadrat8";4;7;5
"MELARV";"obs_svrr";"quadrat9";5;6;3
"MELARV";"obs_svrr";"quadrat10";6;8;4
"MELARV";"obs_diaf";"quadrat1";5;9;9
"MELARV";"obs_diaf";"quadrat2";6;10;6
"MELARV";"obs_diaf";"quadrat3";7;8;8
"MELARV";"obs_diaf";"quadrat4";8;2;10
"MELARV";"obs_diaf";"quadrat5";9;7;7
"MELARV";"obs_diaf";"quadrat6";10;3;3
"MELARV";"obs_diaf";"quadrat7";1;1;2
"MELARV";"obs_diaf";"quadrat8";2;5;1
"MELARV";"obs_diaf";"quadrat9";3;4;5
"MELARV";"obs_diaf";"quadrat10";4;6;4
"MELARV";"obs_splw";"quadrat1";4;10;3
"MELARV";"obs_splw";"quadrat2";5;7;10
"MELARV";"obs_splw";"quadrat3";6;9;7
"MELARV";"obs_splw";"quadrat4";7;4;9
"MELARV";"obs_splw";"quadrat5";8;6;6
"MELARV";"obs_splw";"quadrat6";9;1;8
"MELARV";"obs_splw";"quadrat7";10;8;5
"MELARV";"obs_splw";"quadrat8";1;5;2
"MELARV";"obs_splw";"quadrat9";2;2;4
"MELARV";"obs_splw";"quadrat10";3;3;1
"MELARV";"obs_llbr";"quadrat1";3;7;1
"MELARV";"obs_llbr";"quadrat2";4;8;3
"MELARV";"obs_llbr";"quadrat3";5;6;9
"MELARV";"obs_llbr";"quadrat4";6;10;5
"MELARV";"obs_llbr";"quadrat5";7;5;8
"MELARV";"obs_llbr";"quadrat6";8;1;6
"MELARV";"obs_llbr";"quadrat7";9;9;7
"MELARV";"obs_llbr";"quadrat8";10;3;2
"MELARV";"obs_llbr";"quadrat9";1;2;4
"MELARV";"obs_llbr";"quadrat10";2;4;10
"VERCHA";"obs_gvxj";"quadrat1";1;5;10
"VERCHA";"obs_gvxj";"quadrat2";2;6;1
"VERCHA";"obs_gvxj";"quadrat3";3;4;7
"VERCHA";"obs_gvxj";"quadrat4";4;8;4
"VERCHA";"obs_gvxj";"quadrat5";5;3;6
"VERCHA";"obs_gvxj";"quadrat6";6;9;3
"VERCHA";"obs_gvxj";"quadrat7";7;7;5
"VERCHA";"obs_gvxj";"quadrat8";8;1;9
"VERCHA";"obs_gvxj";"quadrat9";9;10;2
"VERCHA";"obs_gvxj";"quadrat10";10;2;8
"VERCHA";"obs_lhdt";"quadrat1";9;1;4
"VERCHA";"obs_lhdt";"quadrat2";10;2;8
"VERCHA";"obs_lhdt";"quadrat3";1;5;7
"VERCHA";"obs_lhdt";"quadrat4";2;6;6
"VERCHA";"obs_lhdt";"quadrat5";3;4;5
"VERCHA";"obs_lhdt";"quadrat6";4;7;3
"VERCHA";"obs_lhdt";"quadrat7";5;3;10
"VERCHA";"obs_lhdt";"quadrat8";6;9;1
"VERCHA";"obs_lhdt";"quadrat9";7;8;2
"VERCHA";"obs_lhdt";"quadrat10";8;10;9
"VERCHA";"obs_khjz";"quadrat1";7;1;5
"VERCHA";"obs_khjz";"quadrat2";8;2;7
"VERCHA";"obs_khjz";"quadrat3";9;10;3
"VERCHA";"obs_khjz";"quadrat4";10;4;10
"VERCHA";"obs_khjz";"quadrat5";1;9;2
"VERCHA";"obs_khjz";"quadrat6";2;5;8
"VERCHA";"obs_khjz";"quadrat7";3;3;1
"VERCHA";"obs_khjz";"quadrat8";4;7;6
"VERCHA";"obs_khjz";"quadrat9";5;6;9
"VERCHA";"obs_khjz";"quadrat10";6;8;4
"VERCHA";"obs_zyls";"quadrat1";5;9;3
"VERCHA";"obs_zyls";"quadrat2";6;10;5
"VERCHA";"obs_zyls";"quadrat3";7;8;1
"VERCHA";"obs_zyls";"quadrat4";8;2;7
"VERCHA";"obs_zyls";"quadrat5";9;7;10
"VERCHA";"obs_zyls";"quadrat6";10;3;8
"VERCHA";"obs_zyls";"quadrat7";1;1;9
"VERCHA";"obs_zyls";"quadrat8";2;5;4
"VERCHA";"obs_zyls";"quadrat9";3;4;6
"VERCHA";"obs_zyls";"quadrat10";4;6;2
"VERCHA";"obs_vypj";"quadrat1";3;6;1
"VERCHA";"obs_vypj";"quadrat2";4;7;3
"VERCHA";"obs_vypj";"quadrat3";5;5;9
"VERCHA";"obs_vypj";"quadrat4";6;10;6
"VERCHA";"obs_vypj";"quadrat5";8;9;8
"VERCHA";"obs_vypj";"quadrat6";9;1;5
"VERCHA";"obs_vypj";"quadrat7";7;8;7
"VERCHA";"obs_vypj";"quadrat8";10;2;2
"VERCHA";"obs_vypj";"quadrat9";1;3;4
"VERCHA";"obs_vypj";"quadrat10";2;4;10
"LIMNAR";"obs_eulm";"quadrat1";1;7;1
"LIMNAR";"obs_eulm";"quadrat2";2;5;NA
"LIMNAR";"obs_eulm";"quadrat3";3;4;NA
"LIMNAR";"obs_eulm";"quadrat4";4;9;6
"LIMNAR";"obs_eulm";"quadrat5";5;3;2
"LIMNAR";"obs_eulm";"quadrat6";7;10;NA
"LIMNAR";"obs_eulm";"quadrat7";6;6;3
"LIMNAR";"obs_eulm";"quadrat8";9;1;NA
"LIMNAR";"obs_eulm";"quadrat9";8;8;5
"LIMNAR";"obs_eulm";"quadrat10";10;2;4
"LIMNAR";"obs_ntol";"quadrat1";9;2;7
"LIMNAR";"obs_ntol";"quadrat2";10;4;10
"LIMNAR";"obs_ntol";"quadrat3";1;3;5
"LIMNAR";"obs_ntol";"quadrat4";2;5;1
"LIMNAR";"obs_ntol";"quadrat5";3;1;4
"LIMNAR";"obs_ntol";"quadrat6";4;10;2
"LIMNAR";"obs_ntol";"quadrat7";5;6;3
"LIMNAR";"obs_ntol";"quadrat8";6;8;8
"LIMNAR";"obs_ntol";"quadrat9";7;9;9
"LIMNAR";"obs_ntol";"quadrat10";8;7;6
"LIMNAR";"obs_sqbm";"quadrat1";7;1;4
"LIMNAR";"obs_sqbm";"quadrat2";8;2;6
"LIMNAR";"obs_sqbm";"quadrat3";9;9;10
"LIMNAR";"obs_sqbm";"quadrat4";10;3;3
"LIMNAR";"obs_sqbm";"quadrat5";1;8;2
"LIMNAR";"obs_sqbm";"quadrat6";2;7;7
"LIMNAR";"obs_sqbm";"quadrat7";3;4;1
"LIMNAR";"obs_sqbm";"quadrat8";4;5;5
"LIMNAR";"obs_sqbm";"quadrat9";5;6;9
"LIMNAR";"obs_sqbm";"quadrat10";6;10;8
"LIMNAR";"obs_sjag";"quadrat1";5;9;3
"LIMNAR";"obs_sjag";"quadrat2";6;10;5
"LIMNAR";"obs_sjag";"quadrat3";7;8;1
"LIMNAR";"obs_sjag";"quadrat4";8;4;6
"LIMNAR";"obs_sjag";"quadrat5";9;7;8
"LIMNAR";"obs_sjag";"quadrat6";10;3;9
"LIMNAR";"obs_sjag";"quadrat7";1;1;10
"LIMNAR";"obs_sjag";"quadrat8";2;2;4
"LIMNAR";"obs_sjag";"quadrat9";3;6;7
"LIMNAR";"obs_sjag";"quadrat10";4;5;2
"LIMNAR";"obs_pmtg";"quadrat1";3;6;4
"LIMNAR";"obs_pmtg";"quadrat2";4;9;2
"LIMNAR";"obs_pmtg";"quadrat3";5;7;8
"LIMNAR";"obs_pmtg";"quadrat4";6;8;5
"LIMNAR";"obs_pmtg";"quadrat5";7;5;7
"LIMNAR";"obs_pmtg";"quadrat6";8;1;6
"LIMNAR";"obs_pmtg";"quadrat7";10;10;10
"LIMNAR";"obs_pmtg";"quadrat8";9;3;1
"LIMNAR";"obs_pmtg";"quadrat9";1;2;3
"LIMNAR";"obs_pmtg";"quadrat10";2;4;9
"ERIANN";"obs_cgkm";"quadrat1";1;5;9
"ERIANN";"obs_cgkm";"quadrat2";2;6;1
"ERIANN";"obs_cgkm";"quadrat3";3;4;7
"ERIANN";"obs_cgkm";"quadrat4";4;8;4
"ERIANN";"obs_cgkm";"quadrat5";5;3;6
"ERIANN";"obs_cgkm";"quadrat6";6;9;3
"ERIANN";"obs_cgkm";"quadrat7";7;7;5
"ERIANN";"obs_cgkm";"quadrat8";8;1;10
"ERIANN";"obs_cgkm";"quadrat9";9;10;2
"ERIANN";"obs_cgkm";"quadrat10";10;2;8
"ERIANN";"obs_lqps";"quadrat1";8;3;8
"ERIANN";"obs_lqps";"quadrat2";9;4;7
"ERIANN";"obs_lqps";"quadrat3";1;2;5
"ERIANN";"obs_lqps";"quadrat4";2;8;1
"ERIANN";"obs_lqps";"quadrat5";3;1;4
"ERIANN";"obs_lqps";"quadrat6";4;9;2
"ERIANN";"obs_lqps";"quadrat7";5;5;3
"ERIANN";"obs_lqps";"quadrat8";7;6;9
"ERIANN";"obs_lqps";"quadrat9";10;7;10
"ERIANN";"obs_lqps";"quadrat10";6;10;6
"ERIANN";"obs_ppmb";"quadrat1";7;1;5
"ERIANN";"obs_ppmb";"quadrat2";8;2;7
"ERIANN";"obs_ppmb";"quadrat3";9;10;3
"ERIANN";"obs_ppmb";"quadrat4";10;4;9
"ERIANN";"obs_ppmb";"quadrat5";1;9;2
"ERIANN";"obs_ppmb";"quadrat6";2;5;8
"ERIANN";"obs_ppmb";"quadrat7";3;3;1
"ERIANN";"obs_ppmb";"quadrat8";4;7;4
"ERIANN";"obs_ppmb";"quadrat9";5;6;10
"ERIANN";"obs_ppmb";"quadrat10";6;8;6
"ERIANN";"obs_owlx";"quadrat1";5;9;3
"ERIANN";"obs_owlx";"quadrat2";6;10;6
"ERIANN";"obs_owlx";"quadrat3";7;8;1
"ERIANN";"obs_owlx";"quadrat4";8;7;7
"ERIANN";"obs_owlx";"quadrat5";9;2;10
"ERIANN";"obs_owlx";"quadrat6";10;3;8
"ERIANN";"obs_owlx";"quadrat7";1;1;9
"ERIANN";"obs_owlx";"quadrat8";2;4;4
"ERIANN";"obs_owlx";"quadrat9";3;5;5
"ERIANN";"obs_owlx";"quadrat10";4;6;2
"ERIANN";"obs_hrjo";"quadrat1";3;7;1
"ERIANN";"obs_hrjo";"quadrat2";4;8;3
"ERIANN";"obs_hrjo";"quadrat3";5;6;9
"ERIANN";"obs_hrjo";"quadrat4";6;10;5
"ERIANN";"obs_hrjo";"quadrat5";7;5;8
"ERIANN";"obs_hrjo";"quadrat6";8;1;6
"ERIANN";"obs_hrjo";"quadrat7";9;9;7
"ERIANN";"obs_hrjo";"quadrat8";10;3;2
"ERIANN";"obs_hrjo";"quadrat9";1;2;4
"ERIANN";"obs_hrjo";"quadrat10";2;4;10
"AMBART";"obs_xhho";"quadrat1";1;5;9
"AMBART";"obs_xhho";"quadrat2";2;6;1
"AMBART";"obs_xhho";"quadrat3";3;4;7
"AMBART";"obs_xhho";"quadrat4";4;8;3
"AMBART";"obs_xhho";"quadrat5";5;3;6
"AMBART";"obs_xhho";"quadrat6";6;9;4
"AMBART";"obs_xhho";"quadrat7";7;7;5
"AMBART";"obs_xhho";"quadrat8";8;1;10
"AMBART";"obs_xhho";"quadrat9";9;10;2
"AMBART";"obs_xhho";"quadrat10";10;2;8
"AMBART";"obs_dglw";"quadrat1";10;4;8
"AMBART";"obs_dglw";"quadrat2";1;5;10
"AMBART";"obs_dglw";"quadrat3";2;3;6
"AMBART";"obs_dglw";"quadrat4";3;7;2
"AMBART";"obs_dglw";"quadrat5";4;2;5
"AMBART";"obs_dglw";"quadrat6";5;8;3
"AMBART";"obs_dglw";"quadrat7";6;6;4
"AMBART";"obs_dglw";"quadrat8";7;10;9
"AMBART";"obs_dglw";"quadrat9";8;9;1
"AMBART";"obs_dglw";"quadrat10";9;1;7
"AMBART";"obs_kgqc";"quadrat1";9;3;7
"AMBART";"obs_kgqc";"quadrat2";10;4;9
"AMBART";"obs_kgqc";"quadrat3";1;2;5
"AMBART";"obs_kgqc";"quadrat4";2;5;1
"AMBART";"obs_kgqc";"quadrat5";3;1;4
"AMBART";"obs_kgqc";"quadrat6";4;6;2
"AMBART";"obs_kgqc";"quadrat7";5;10;3
"AMBART";"obs_kgqc";"quadrat8";6;9;8
"AMBART";"obs_kgqc";"quadrat9";7;7;10
"AMBART";"obs_kgqc";"quadrat10";8;8;6
"AMBART";"obs_jxbn";"quadrat1";7;1;5
"AMBART";"obs_jxbn";"quadrat2";8;2;7
"AMBART";"obs_jxbn";"quadrat3";9;9;3
"AMBART";"obs_jxbn";"quadrat4";10;4;9
"AMBART";"obs_jxbn";"quadrat5";1;10;2
"AMBART";"obs_jxbn";"quadrat6";2;5;8
"AMBART";"obs_jxbn";"quadrat7";3;3;1
"AMBART";"obs_jxbn";"quadrat8";4;7;6
"AMBART";"obs_jxbn";"quadrat9";5;6;10
"AMBART";"obs_jxbn";"quadrat10";6;8;4
"AMBART";"obs_gdvs";"quadrat1";5;9;3
"AMBART";"obs_gdvs";"quadrat2";6;10;5
"AMBART";"obs_gdvs";"quadrat3";7;8;1
"AMBART";"obs_gdvs";"quadrat4";8;2;7
"AMBART";"obs_gdvs";"quadrat5";9;7;10
"AMBART";"obs_gdvs";"quadrat6";10;3;8
"AMBART";"obs_gdvs";"quadrat7";1;1;9
"AMBART";"obs_gdvs";"quadrat8";2;5;4
"AMBART";"obs_gdvs";"quadrat9";3;4;6
"AMBART";"obs_gdvs";"quadrat10";4;6;2
"AMBART";"obs_aefg";"quadrat1";3;7;1
"AMBART";"obs_aefg";"quadrat2";4;8;3
"AMBART";"obs_aefg";"quadrat3";5;6;10
"AMBART";"obs_aefg";"quadrat4";6;10;5
"AMBART";"obs_aefg";"quadrat5";7;5;9
"AMBART";"obs_aefg";"quadrat6";8;1;7
"AMBART";"obs_aefg";"quadrat7";9;9;6
"AMBART";"obs_aefg";"quadrat8";10;3;2
"AMBART";"obs_aefg";"quadrat9";1;2;4
"AMBART";"obs_aefg";"quadrat10";2;4;8
"LIMGIR";"obs_twze";"quadrat1";1;5;9
"LIMGIR";"obs_twze";"quadrat2";2;6;1
"LIMGIR";"obs_twze";"quadrat3";3;4;6
"LIMGIR";"obs_twze";"quadrat4";4;9;3
"LIMGIR";"obs_twze";"quadrat5";5;3;5
"LIMGIR";"obs_twze";"quadrat6";6;10;4
"LIMGIR";"obs_twze";"quadrat7";7;8;8
"LIMGIR";"obs_twze";"quadrat8";8;1;10
"LIMGIR";"obs_twze";"quadrat9";9;7;2
"LIMGIR";"obs_twze";"quadrat10";10;2;7
"LIMGIR";"obs_rfen";"quadrat1";10;4;8
"LIMGIR";"obs_rfen";"quadrat2";1;5;10
"LIMGIR";"obs_rfen";"quadrat3";2;3;6
"LIMGIR";"obs_rfen";"quadrat4";3;7;3
"LIMGIR";"obs_rfen";"quadrat5";4;2;5
"LIMGIR";"obs_rfen";"quadrat6";5;8;2
"LIMGIR";"obs_rfen";"quadrat7";6;6;4
"LIMGIR";"obs_rfen";"quadrat8";7;10;9
"LIMGIR";"obs_rfen";"quadrat9";8;9;1
"LIMGIR";"obs_rfen";"quadrat10";9;1;7
"LIMGIR";"obs_yvfg";"quadrat1";9;4;9
"LIMGIR";"obs_yvfg";"quadrat2";10;3;8
"LIMGIR";"obs_yvfg";"quadrat3";1;2;5
"LIMGIR";"obs_yvfg";"quadrat4";2;5;1
"LIMGIR";"obs_yvfg";"quadrat5";3;1;4
"LIMGIR";"obs_yvfg";"quadrat6";4;7;2
"LIMGIR";"obs_yvfg";"quadrat7";5;6;3
"LIMGIR";"obs_yvfg";"quadrat8";6;9;7
"LIMGIR";"obs_yvfg";"quadrat9";7;8;10
"LIMGIR";"obs_yvfg";"quadrat10";8;10;6
"LIMGIR";"obs_yuly";"quadrat1";7;1;5
"LIMGIR";"obs_yuly";"quadrat2";8;2;7
"LIMGIR";"obs_yuly";"quadrat3";9;10;3
"LIMGIR";"obs_yuly";"quadrat4";10;4;9
"LIMGIR";"obs_yuly";"quadrat5";1;9;2
"LIMGIR";"obs_yuly";"quadrat6";2;5;10
"LIMGIR";"obs_yuly";"quadrat7";3;3;1
"LIMGIR";"obs_yuly";"quadrat8";4;7;6
"LIMGIR";"obs_yuly";"quadrat9";5;6;8
"LIMGIR";"obs_yuly";"quadrat10";6;8;4
"LIMGIR";"obs_zkxe";"quadrat1";5;9;3
"LIMGIR";"obs_zkxe";"quadrat2";6;10;5
"LIMGIR";"obs_zkxe";"quadrat3";7;8;1
"LIMGIR";"obs_zkxe";"quadrat4";8;2;7
"LIMGIR";"obs_zkxe";"quadrat5";9;7;9
"LIMGIR";"obs_zkxe";"quadrat6";10;3;8
"LIMGIR";"obs_zkxe";"quadrat7";1;1;10
"LIMGIR";"obs_zkxe";"quadrat8";2;5;4
"LIMGIR";"obs_zkxe";"quadrat9";3;4;6
"LIMGIR";"obs_zkxe";"quadrat10";4;6;2
"LIMGIR";"obs_aupj";"quadrat1";3;7;1
"LIMGIR";"obs_aupj";"quadrat2";4;8;3
"LIMGIR";"obs_aupj";"quadrat3";5;6;7
"LIMGIR";"obs_aupj";"quadrat4";6;9;5
"LIMGIR";"obs_aupj";"quadrat5";7;5;9
"LIMGIR";"obs_aupj";"quadrat6";8;1;6
"LIMGIR";"obs_aupj";"quadrat7";9;10;8
"LIMGIR";"obs_aupj";"quadrat8";10;3;2
"LIMGIR";"obs_aupj";"quadrat9";1;2;4
"LIMGIR";"obs_aupj";"quadrat10";2;4;10
"EUPPEP2";"obs_yvfg";"quadrat1";1;5;9
"EUPPEP2";"obs_yvfg";"quadrat2";2;6;1
"EUPPEP2";"obs_yvfg";"quadrat3";3;4;7
"EUPPEP2";"obs_yvfg";"quadrat4";4;8;3
"EUPPEP2";"obs_yvfg";"quadrat5";5;3;6
"EUPPEP2";"obs_yvfg";"quadrat6";6;9;4
"EUPPEP2";"obs_yvfg";"quadrat7";7;7;5
"EUPPEP2";"obs_yvfg";"quadrat8";8;1;10
"EUPPEP2";"obs_yvfg";"quadrat9";9;10;2
"EUPPEP2";"obs_yvfg";"quadrat10";10;2;8
"EUPPEP2";"obs_ugmx";"quadrat1";10;4;8
"EUPPEP2";"obs_ugmx";"quadrat2";1;5;10
"EUPPEP2";"obs_ugmx";"quadrat3";2;3;6
"EUPPEP2";"obs_ugmx";"quadrat4";3;7;2
"EUPPEP2";"obs_ugmx";"quadrat5";4;2;5
"EUPPEP2";"obs_ugmx";"quadrat6";5;8;3
"EUPPEP2";"obs_ugmx";"quadrat7";6;6;4
"EUPPEP2";"obs_ugmx";"quadrat8";7;10;9
"EUPPEP2";"obs_ugmx";"quadrat9";8;9;1
"EUPPEP2";"obs_ugmx";"quadrat10";9;1;7
"EUPPEP2";"obs_ufdr";"quadrat1";9;3;7
"EUPPEP2";"obs_ufdr";"quadrat2";10;4;9
"EUPPEP2";"obs_ufdr";"quadrat3";1;2;5
"EUPPEP2";"obs_ufdr";"quadrat4";2;6;1
"EUPPEP2";"obs_ufdr";"quadrat5";3;1;4
"EUPPEP2";"obs_ufdr";"quadrat6";4;7;2
"EUPPEP2";"obs_ufdr";"quadrat7";5;5;3
"EUPPEP2";"obs_ufdr";"quadrat8";6;9;8
"EUPPEP2";"obs_ufdr";"quadrat9";7;8;10
"EUPPEP2";"obs_ufdr";"quadrat10";8;10;6
"EUPPEP2";"obs_jsrp";"quadrat1";7;1;5
"EUPPEP2";"obs_jsrp";"quadrat2";8;2;7
"EUPPEP2";"obs_jsrp";"quadrat3";9;10;3
"EUPPEP2";"obs_jsrp";"quadrat4";10;4;9
"EUPPEP2";"obs_jsrp";"quadrat5";1;9;2
"EUPPEP2";"obs_jsrp";"quadrat6";2;5;10
"EUPPEP2";"obs_jsrp";"quadrat7";3;3;1
"EUPPEP2";"obs_jsrp";"quadrat8";4;7;6
"EUPPEP2";"obs_jsrp";"quadrat9";5;6;8
"EUPPEP2";"obs_jsrp";"quadrat10";6;8;4
"EUPPEP2";"obs_asix";"quadrat1";5;9;3
"EUPPEP2";"obs_asix";"quadrat2";6;10;5
"EUPPEP2";"obs_asix";"quadrat3";7;8;1
"EUPPEP2";"obs_asix";"quadrat4";8;2;7
"EUPPEP2";"obs_asix";"quadrat5";9;7;10
"EUPPEP2";"obs_asix";"quadrat6";10;3;8
"EUPPEP2";"obs_asix";"quadrat7";1;1;9
"EUPPEP2";"obs_asix";"quadrat8";2;5;4
"EUPPEP2";"obs_asix";"quadrat9";3;4;6
"EUPPEP2";"obs_asix";"quadrat10";4;6;2
"EUPPEP2";"obs_aupj";"quadrat1";4;8;2
"EUPPEP2";"obs_aupj";"quadrat2";5;9;8
"EUPPEP2";"obs_aupj";"quadrat3";6;7;7
"EUPPEP2";"obs_aupj";"quadrat4";7;1;5
"EUPPEP2";"obs_aupj";"quadrat5";8;6;9
"EUPPEP2";"obs_aupj";"quadrat6";9;2;6
"EUPPEP2";"obs_aupj";"quadrat7";10;10;10
"EUPPEP2";"obs_aupj";"quadrat8";1;4;3
"EUPPEP2";"obs_aupj";"quadrat9";2;3;4
"EUPPEP2";"obs_aupj";"quadrat10";3;5;1
"EUPPEP2";"obs_thsa";"quadrat1";3;7;1
"EUPPEP2";"obs_thsa";"quadrat2";4;8;3
"EUPPEP2";"obs_thsa";"quadrat3";5;6;9
"EUPPEP2";"obs_thsa";"quadrat4";6;10;5
"EUPPEP2";"obs_thsa";"quadrat5";7;5;8
"EUPPEP2";"obs_thsa";"quadrat6";8;1;6
"EUPPEP2";"obs_thsa";"quadrat7";9;9;7
"EUPPEP2";"obs_thsa";"quadrat8";10;3;2
"EUPPEP2";"obs_thsa";"quadrat9";1;2;4
"EUPPEP2";"obs_thsa";"quadrat10";2;4;10
"EPIAPH";"obs_btow";"quadrat1";1;5;10
"EPIAPH";"obs_btow";"quadrat2";2;6;1
"EPIAPH";"obs_btow";"quadrat3";3;4;7
"EPIAPH";"obs_btow";"quadrat4";4;8;3
"EPIAPH";"obs_btow";"quadrat5";5;3;6
"EPIAPH";"obs_btow";"quadrat6";6;9;4
"EPIAPH";"obs_btow";"quadrat7";7;7;5
"EPIAPH";"obs_btow";"quadrat8";8;1;9
"EPIAPH";"obs_btow";"quadrat9";9;10;2
"EPIAPH";"obs_btow";"quadrat10";10;2;8
"EPIAPH";"obs_qigp";"quadrat1";10;4;8
"EPIAPH";"obs_qigp";"quadrat2";1;5;2
"EPIAPH";"obs_qigp";"quadrat3";2;3;6
"EPIAPH";"obs_qigp";"quadrat4";3;7;10
"EPIAPH";"obs_qigp";"quadrat5";4;2;5
"EPIAPH";"obs_qigp";"quadrat6";5;8;3
"EPIAPH";"obs_qigp";"quadrat7";6;6;4
"EPIAPH";"obs_qigp";"quadrat8";7;10;9
"EPIAPH";"obs_qigp";"quadrat9";8;9;1
"EPIAPH";"obs_qigp";"quadrat10";9;1;7
"EPIAPH";"obs_afyw";"quadrat1";9;3;7
"EPIAPH";"obs_afyw";"quadrat2";10;4;9
"EPIAPH";"obs_afyw";"quadrat3";1;2;5
"EPIAPH";"obs_afyw";"quadrat4";2;6;1
"EPIAPH";"obs_afyw";"quadrat5";3;1;4
"EPIAPH";"obs_afyw";"quadrat6";4;7;2
"EPIAPH";"obs_afyw";"quadrat7";5;5;3
"EPIAPH";"obs_afyw";"quadrat8";6;9;8
"EPIAPH";"obs_afyw";"quadrat9";7;8;10
"EPIAPH";"obs_afyw";"quadrat10";8;10;6
"EPIAPH";"obs_citm";"quadrat1";7;1;5
"EPIAPH";"obs_citm";"quadrat2";8;2;7
"EPIAPH";"obs_citm";"quadrat3";9;10;3
"EPIAPH";"obs_citm";"quadrat4";10;4;9
"EPIAPH";"obs_citm";"quadrat5";1;9;2
"EPIAPH";"obs_citm";"quadrat6";2;5;10
"EPIAPH";"obs_citm";"quadrat7";3;3;1
"EPIAPH";"obs_citm";"quadrat8";4;7;6
"EPIAPH";"obs_citm";"quadrat9";5;6;8
"EPIAPH";"obs_citm";"quadrat10";6;8;4
"EPIAPH";"obs_ujsl";"quadrat1";5;9;3
"EPIAPH";"obs_ujsl";"quadrat2";6;10;5
"EPIAPH";"obs_ujsl";"quadrat3";7;8;1
"EPIAPH";"obs_ujsl";"quadrat4";8;2;7
"EPIAPH";"obs_ujsl";"quadrat5";9;7;9
"EPIAPH";"obs_ujsl";"quadrat6";10;3;8
"EPIAPH";"obs_ujsl";"quadrat7";1;1;10
"EPIAPH";"obs_ujsl";"quadrat8";2;5;4
"EPIAPH";"obs_ujsl";"quadrat9";3;4;6
"EPIAPH";"obs_ujsl";"quadrat10";4;6;2
"EPIAPH";"obs_avas";"quadrat1";3;7;1
"EPIAPH";"obs_avas";"quadrat2";4;8;3
"EPIAPH";"obs_avas";"quadrat3";5;6;9
"EPIAPH";"obs_avas";"quadrat4";6;10;5
"EPIAPH";"obs_avas";"quadrat5";7;5;8
"EPIAPH";"obs_avas";"quadrat6";8;1;6
"EPIAPH";"obs_avas";"quadrat7";9;9;7
"EPIAPH";"obs_avas";"quadrat8";10;3;2
"EPIAPH";"obs_avas";"quadrat9";1;2;4
"EPIAPH";"obs_avas";"quadrat10";2;4;10
